SeqID,CV
10000-28,3.5
10001-7,4.0
10003-15,6.5
10006-25,3.5
10008-43,2.5
10010-10,3.5
10011-65,3.5
10012-5,7.5
10013-34,6.0
10014-31,2.5
10015-119,2.5
10021-1,5.0
10022-207,4.0
10023-32,7.0
10024-44,3.5
10025-1,3.0
10030-8,4.5
10034-16,4.5
10035-6,2.5
10036-201,6.5
10037-98,4.0
10039-32,3.5
10040-63,5.5
10041-3,5.5
10042-8,5.5
10043-31,3.0
10044-12,29.0
10045-47,3.5
10046-55,4.5
10047-12,9.0
10048-7,2.5
10049-112,2.5
10053-5,9.5
10054-3,4.0
10056-5,3.5
10058-1,6.0
10063-10,3.0
10064-12,2.0
10069-2,3.0
10070-22,4.5
10073-22,3.5
10074-128,2.5
10075-75,6.5
10076-1,3.0
10078-5,3.5
10080-9,8.0
10081-17,9.0
10082-251,6.0
10085-25,3.0
10086-39,4.0
10087-10,3.5
10088-37,6.0
10089-7,4.5
10336-3,7.0
10339-48,7.0
10342-55,12.0
10344-334,7.5
10346-5,7.0
10351-51,4.5
10354-57,4.0
10356-21,8.5
10361-25,4.0
10362-35,3.0
10363-13,5.0
10364-6,4.5
10365-132,3.0
10366-11,3.5
10367-62,3.5
10370-21,5.5
10372-18,5.0
10379-19,3.0
10382-1,7.5
10390-21,6.5
10391-1,6.5
10396-6,6.5
10398-110,3.0
10416-79,5.0
10418-36,4.5
10419-1,5.0
10420-30,18.5
10424-31,4.5
10425-3,3.0
10426-21,44.0
10427-2,8.5
10428-1,8.5
10430-31,9.5
10432-3,4.5
10435-2,4.0
10438-19,3.0
10439-57,5.0
10440-26,2.5
10442-1,5.0
10445-20,7.5
10447-18,3.0
10449-31,12.0
10451-11,6.5
10452-24,13.0
10453-7,5.0
10454-99,7.0
10455-196,3.5
10457-3,3.5
10460-1,15.5
10461-57,3.5
10462-14,4.0
10463-23,3.0
10464-6,3.0
10467-58,5.5
10470-34,55.0
10471-25,3.5
10472-53,12.0
10473-2,4.0
10476-23,5.0
10477-162,48.0
10479-18,4.0
10480-33,3.5
10485-56,85.0
10489-19,9.5
10490-3,4.5
10491-21,15.0
10494-48,5.0
10495-10,3.0
10496-11,4.0
10497-242,4.5
10499-1,4.5
10501-3,80.0
10502-15,4.5
10503-55,6.0
10504-6,6.0
10505-12,3.0
10506-53,3.0
10507-166,4.0
10510-62,3.5
10511-10,150.0
10512-13,3.5
10513-13,3.5
10514-5,4.0
10516-53,4.5
10518-14,4.5
10521-10,2.5
10522-167,15.0
10527-22,6.5
10528-2,3.0
10529-19,3.5
10530-8,3.5
10531-18,4.5
10533-1,13.5
10534-40,3.5
10535-25,11.5
10539-30,3.5
10546-2,10.5
10547-42,2.5
10548-35,4.5
10550-37,5.0
10551-7,5.0
10552-88,4.5
10553-8,4.0
10554-23,44.0
10557-6,3.0
10558-26,5.5
10560-1,9.0
10561-5,9.5
10562-42,6.5
10563-13,3.5
10565-19,3.5
10569-28,6.0
10571-14,3.0
10572-65,5.5
10574-10,5.0
10575-31,5.0
10576-7,3.5
10580-14,5.5
10582-36,15.5
10583-1,3.5
10584-7,7.0
10588-39,3.5
10589-7,7.0
10593-14,60.0
10600-24,55.0
10603-1,6.0
10605-22,4.5
10606-34,4.0
10607-4,48.0
10608-9,3.5
10610-8,5.5
10612-18,4.0
10613-33,5.0
10615-18,4.5
10616-67,4.5
10618-190,3.5
10620-21,4.5
10621-26,4.5
10622-9,13.0
10623-19,4.0
10624-45,3.0
10626-116,3.5
10627-87,4.5
10630-5,4.0
10631-9,8.5
10636-1,3.5
10637-50,6.0
10638-1,6.5
10639-1,3.5
10640-9,7.0
10643-16,6.0
10645-72,12.5
10647-18,5.5
10655-43,48.0
10658-28,10.0
10659-49,4.0
10660-33,3.0
10661-4,4.5
10663-42,4.0
10665-30,11.5
10666-7,6.5
10667-78,3.5
10668-5,6.5
10670-26,75.0
10671-67,7.5
10672-75,9.5
10675-223,24.0
10677-9,14.5
10692-48,6.5
10693-43,3.5
10695-12,3.0
10699-52,3.0
10700-10,5.0
10701-30,2.5
10702-1,3.5
10703-203,6.0
10704-91,5.0
10705-14,4.0
10708-3,4.0
10710-23,5.0
10713-151,4.0
10714-7,9.5
10715-5,16.0
10716-35,4.0
10721-76,5.5
10722-13,3.0
10723-41,5.5
10724-45,2.5
10731-10,5.5
10734-339,55.0
10737-96,6.5
10738-11,11.0
10741-22,10.0
10743-13,4.5
10746-24,6.5
10748-216,5.5
10749-18,6.0
10752-8,4.5
10753-31,5.0
10754-113,4.5
10756-34,8.0
10758-2,4.5
10760-107,9.5
10761-5,2.0
10762-2,8.5
10767-52,4.0
10772-21,7.5
10780-10,4.0
10781-19,3.0
10785-8,5.5
10791-21,5.5
10798-4,3.0
10800-15,6.5
10801-11,3.5
10803-22,3.5
10809-14,3.5
10814-7,8.5
10815-2,2.5
10816-150,6.0
10817-26,20.0
10818-36,3.0
10819-108,15.5
10823-19,3.0
10825-12,3.5
10827-67,4.5
10830-5,3.5
10832-24,4.5
10833-64,4.0
10835-25,3.0
10837-131,18.0
10842-7,6.0
10847-1,7.0
10848-137,3.0
10851-77,6.0
10852-114,6.0
10854-15,11.5
10855-55,5.5
10866-60,4.5
10870-32,6.0
10876-300,2.5
10880-38,3.5
10882-12,4.5
10885-36,3.0
10888-4,4.0
10889-2,4.0
10890-135,5.0
10892-8,5.5
10894-25,7.5
10895-28,3.5
10900-272,4.0
10902-53,10.5
10903-50,6.5
10907-116,5.5
10908-2,2.5
10910-6,6.0
10914-4,5.5
10916-44,7.5
10917-40,3.5
10924-258,4.0
10927-65,3.0
10928-7,15.5
10933-107,5.5
10938-13,4.0
10939-16,5.0
10940-25,4.0
10943-36,4.0
10945-11,7.5
10948-14,3.5
10949-59,3.0
10953-14,3.0
10955-4,3.0
10956-82,4.5
10959-125,3.5
10961-15,3.5
10962-46,7.0
10966-1,7.0
10967-12,5.0
10970-3,4.0
10974-20,3.5
10975-59,7.5
10976-44,5.5
10977-55,5.0
10978-39,4.0
10980-11,4.5
10981-56,3.0
10990-21,5.0
11067-13,3.5
11071-1,3.0
11081-1,4.0
11083-23,5.5
11089-7,4.5
11094-104,3.5
11096-57,4.0
11098-1,6.5
11101-18,4.5
11102-22,10.5
11103-24,5.5
11104-13,4.0
11105-171,6.5
11107-25,4.5
11109-56,4.5
11110-4,3.5
11112-18,2.5
11116-16,5.0
11117-2,4.0
11118-107,14.5
11120-49,3.5
11121-56,6.0
11122-97,4.0
11126-102,4.0
11128-29,3.5
11129-66,6.5
11130-158,4.0
11134-30,4.0
11135-5,7.0
11137-43,5.0
11138-16,2.5
11139-4,4.0
11140-56,4.5
11142-11,3.5
11143-32,2.0
11144-10,3.0
11145-72,3.5
11146-4,3.5
11147-17,4.0
11149-3,2.0
11150-3,8.0
11152-46,4.5
11154-3,7.5
11155-16,3.5
11157-35,2.5
11158-40,3.5
11159-14,3.5
11160-56,4.5
11161-5,3.0
11162-37,7.5
11163-7,3.0
11164-7,5.5
11167-6,8.0
11168-3,4.0
11171-25,4.0
11173-29,2.5
11174-8,3.0
11175-45,3.5
11177-16,3.5
11178-21,3.0
11179-7,3.0
11180-17,9.0
11184-51,6.0
11185-145,6.5
11186-12,3.5
11187-11,4.5
11190-129,2.5
11192-168,5.5
11193-27,3.5
11194-6,5.0
11196-31,3.0
11198-37,2.0
11200-52,4.5
11201-19,5.5
11202-70,2.0
11203-97,4.5
11204-80,4.0
11205-10,3.0
11207-3,3.5
11208-15,4.0
11211-7,5.5
11212-7,2.5
11214-40,5.0
11215-6,9.0
11217-16,5.5
11218-84,3.0
11219-95,4.0
11220-53,3.5
11222-62,3.0
11223-1,4.5
11226-16,4.0
11227-31,6.0
11228-37,4.0
11229-16,3.0
11230-12,2.5
11231-12,7.5
11232-46,4.0
11237-49,5.0
11239-49,8.5
11241-8,4.5
11242-33,3.5
11243-90,2.0
11245-43,10.5
11246-3,3.5
11247-20,3.0
11248-43,3.5
11252-30,3.5
11254-13,3.0
11257-1,3.5
11258-41,3.0
11260-47,4.0
11262-39,5.0
11263-57,3.0
11264-33,4.0
11265-8,3.0
11266-8,6.5
11270-17,9.0
11273-176,4.0
11275-94,3.0
11277-23,3.0
11278-4,5.5
11279-42,4.0
11280-6,3.0
11281-6,8.0
11282-16,3.5
11283-13,6.5
11284-24,2.5
11285-8,6.0
11286-78,12.0
11287-14,3.5
11288-26,3.5
11289-31,3.0
11291-73,3.5
11292-13,4.0
11293-14,2.5
11294-7,14.0
11297-54,4.0
11300-32,3.5
11302-237,4.5
11303-7,3.5
11307-33,5.5
11308-8,3.5
11310-8,2.5
11311-79,3.0
11312-40,4.5
11313-100,8.5
11315-148,4.0
11318-20,3.0
11319-106,3.5
11320-29,2.5
11324-3,3.5
11325-8,8.5
11327-56,11.5
11328-9,3.5
11330-15,8.5
11333-82,8.0
11334-7,4.0
11336-9,3.5
11338-49,3.5
11342-59,4.5
11347-9,8.0
11348-132,3.5
11350-30,2.5
11351-233,4.5
11352-42,5.0
11353-143,4.5
11354-21,5.5
11355-10,10.5
11356-19,4.5
11358-15,6.5
11360-39,6.0
11361-73,8.0
11363-58,4.0
11364-18,3.0
11365-17,4.0
11368-32,11.0
11369-23,3.5
11370-20,4.0
11371-1,4.0
11372-2,6.0
11375-49,2.5
11377-19,3.0
11378-37,7.0
11380-84,14.0
11381-56,3.5
11382-5,3.0
11383-41,9.0
11387-3,2.5
11388-75,5.0
11390-24,3.5
11391-69,5.5
11395-5,4.0
11396-39,6.5
11401-181,2.5
11402-17,5.5
11405-150,7.5
11406-82,3.0
11407-57,2.5
11416-23,5.0
11421-10,7.5
11422-2,3.0
11424-4,3.0
11425-31,5.0
11428-31,7.0
11429-80,6.5
11430-49,7.0
11431-235,4.0
11432-11,9.0
11433-11,4.0
11436-6,3.0
11438-6,4.0
11439-88,5.0
11440-58,3.0
11441-11,4.0
11442-1,4.5
11444-49,3.0
11448-34,7.5
11449-22,6.5
11450-110,3.0
11454-87,6.5
11456-2,11.5
11457-53,8.5
11458-30,7.0
11459-81,4.5
11462-8,3.0
11464-9,6.0
11465-4,4.0
11468-15,3.0
11476-43,4.5
11480-1,3.5
11481-25,4.5
11486-26,2.0
11487-4,2.5
11490-42,4.0
11493-169,4.5
11494-4,3.0
11510-31,5.5
11510-51,5.0
11513-92,4.5
11514-196,5.5
11516-7,3.0
11530-37,8.0
11531-24,5.0
11534-6,3.5
11536-9,3.5
11537-12,4.0
11538-216,3.0
11539-4,5.5
11540-37,2.5
11542-11,3.0
11543-84,8.0
11544-39,4.5
11545-9,6.5
11546-7,3.5
11547-84,6.0
11548-84,4.0
11549-6,4.5
11551-16,3.5
11556-19,4.0
11557-3,3.0
11560-76,2.5
11561-32,3.5
11562-9,3.5
11563-51,4.0
11565-58,4.5
11566-48,4.5
11567-23,5.0
11568-2,4.5
11570-94,5.5
11571-75,4.5
11572-4,6.5
11573-3,4.5
11582-63,3.5
11586-2,3.0
11587-5,4.0
11590-5,3.0
11591-43,2.5
11592-1,3.0
11593-21,5.5
11596-47,4.0
11601-26,3.0
11602-12,8.0
11606-22,3.0
11607-15,5.5
11608-5,8.0
11614-29,3.0
11615-16,10.5
11616-9,2.5
11617-1,3.0
11618-83,5.0
11626-7,3.0
11629-36,3.0
11633-89,8.0
11634-32,9.0
11636-33,5.0
11638-42,3.5
11643-73,4.0
11645-9,5.0
11646-4,3.5
11647-6,11.0
11649-3,4.0
11651-24,3.5
11653-69,4.0
11654-77,7.5
11656-110,7.5
11657-86,4.0
11659-31,10.5
11661-11,3.5
11664-32,5.5
11666-72,12.5
11667-29,3.5
11669-39,2.0
11670-18,4.0
11671-19,5.5
11672-17,8.5
11677-17,3.5
11678-105,3.0
11681-8,6.0
11682-7,12.0
11683-19,4.5
11690-47,3.0
11692-21,3.0
11696-7,5.5
11699-16,8.5
11708-2,2.5
11709-29,7.0
11712-207,6.0
11715-1,4.0
11716-28,4.0
11814-29,3.0
11816-84,6.5
11817-1,6.5
11825-27,2.5
11827-7,4.0
11830-48,7.0
11833-83,2.0
11836-144,4.0
11837-7,4.0
11838-130,3.5
11851-21,6.0
11860-3,4.0
11872-9,6.0
11890-2,9.0
11895-21,4.5
11910-27,5.0
11911-13,3.5
11912-45,4.0
11917-8,11.0
11918-54,12.0
11919-84,5.0
11926-23,5.5
11927-3,6.0
11934-9,3.0
11939-11,5.5
11949-25,4.0
11952-1,3.0
11955-1,5.0
11967-23,10.5
11969-5,3.5
11986-30,3.5
11988-24,5.0
11989-35,2.5
11993-227,2.5
12001-7,9.0
12008-3,6.0
12012-33,3.5
12014-19,4.5
12016-60,7.5
12018-84,2.0
12020-39,4.0
12022-12,5.0
12030-82,14.5
12033-3,4.0
12034-28,48.0
12041-33,8.5
12046-51,4.0
12077-32,2.5
12329-21,4.5
12332-7,7.5
12333-87,3.5
12334-25,5.0
12338-27,6.5
12340-17,4.5
12341-8,3.5
12343-14,3.0
12345-4,2.5
12347-29,10.0
12348-46,4.5
12350-86,3.5
12351-25,8.0
12352-70,4.0
12355-223,3.5
12356-65,7.0
12357-41,4.0
12358-6,6.0
12361-102,4.0
12363-70,2.5
12365-108,3.0
12366-16,3.0
12367-52,4.0
12368-18,5.0
12370-30,4.5
12372-50,3.0
12373-73,5.0
12374-8,5.0
12376-85,5.0
12378-71,4.0
12381-26,5.0
12382-2,4.0
12384-92,8.5
12385-4,2.5
12386-11,6.0
12387-7,3.5
12389-4,3.5
12391-27,15.5
12392-30,2.0
12394-53,3.5
12395-86,9.0
12396-19,7.0
12398-15,3.0
12399-194,4.0
12400-25,3.5
12401-3,4.5
12403-30,4.5
12406-119,3.5
12408-333,3.5
12409-90,3.5
12411-60,5.5
12414-31,7.5
12415-122,6.0
12417-46,4.5
12420-10,13.0
12422-143,6.5
12423-38,3.0
12424-107,3.5
12425-104,3.5
12426-19,7.5
12427-8,3.0
12428-2,3.5
12430-78,2.5
12431-13,3.0
12432-23,5.0
12433-8,3.0
12434-25,3.0
12436-84,7.0
12437-18,3.5
12438-127,3.5
12439-67,5.5
12442-4,4.5
12444-39,5.0
12445-50,4.0
12446-49,3.5
12448-246,7.0
12449-16,6.0
12450-42,2.5
12451-62,10.5
12452-32,5.0
12453-161,3.5
12454-105,4.0
12455-48,4.0
12456-5,6.0
12457-10,3.0
12458-79,3.0
12459-13,3.0
12460-18,8.0
12461-8,6.0
12462-20,4.5
12463-7,6.0
12466-7,4.5
12469-19,5.0
12471-47,3.0
12473-48,8.0
12475-48,6.0
12476-50,4.0
12477-42,3.5
12478-15,4.5
12479-50,6.5
12480-9,23.0
12482-5,3.5
12483-62,3.5
12484-67,8.5
12486-8,2.5
12488-9,6.0
12490-92,4.5
12491-23,4.5
12493-42,3.0
12494-99,4.5
12497-29,6.0
12498-12,4.5
12499-108,8.0
12500-88,25.0
12501-10,3.0
12503-5,5.0
12504-26,3.0
12507-16,2.5
12508-9,4.5
12509-115,3.5
12510-3,2.5
12511-83,9.5
12513-8,2.5
12514-16,3.0
12515-45,4.5
12516-13,3.0
12517-52,7.0
12518-289,3.5
12521-3,7.5
12522-6,9.5
12524-18,2.5
12527-50,4.0
12528-40,2.5
12529-32,5.0
12530-14,3.5
12531-5,6.5
12532-28,4.5
12533-135,4.0
12534-10,2.0
12535-2,5.0
12536-46,7.0
12537-88,4.0
12538-19,9.5
12540-25,4.5
12543-76,2.5
12546-1,7.5
12548-75,4.0
12549-33,4.0
12551-3,7.5
12553-5,3.5
12554-10,6.5
12556-7,4.0
12557-18,6.0
12558-3,10.0
12560-9,3.5
12562-1,2.5
12563-2,4.0
12564-9,4.0
12568-14,4.5
12569-25,22.0
12571-14,6.0
12572-236,4.0
12573-80,5.5
12574-36,4.0
12575-30,9.0
12576-21,4.0
12577-100,2.5
12578-13,3.0
12580-7,6.5
12581-39,4.0
12583-77,5.5
12585-39,3.0
12587-65,11.0
12590-67,8.0
12591-27,7.5
12593-33,5.0
12594-5,4.5
12595-11,5.5
12597-68,6.0
12599-10,7.5
12603-87,4.0
12604-16,4.5
12605-1,3.5
12612-37,11.0
12616-45,7.0
12617-2,10.0
12618-50,4.5
12619-14,4.5
12620-3,9.5
12621-55,3.5
12622-96,6.5
12623-84,10.5
12625-138,5.0
12626-6,3.0
12627-97,9.5
12628-31,9.5
12630-8,3.0
12632-14,7.5
12633-3,4.0
12634-79,4.5
12635-9,4.0
12636-113,3.0
12637-7,7.0
12641-3,11.5
12643-4,5.0
12644-63,3.5
12646-2,7.5
12647-52,4.0
12649-80,11.0
12650-43,4.0
12651-21,2.5
12652-37,5.5
12653-13,2.5
12655-30,2.5
12656-1,10.5
12657-2,4.5
12658-72,4.0
12659-13,4.0
12661-44,3.5
12662-82,13.5
12663-1,6.0
12664-19,4.0
12665-16,3.5
12667-2,6.0
12668-7,10.0
12669-30,3.0
12670-15,6.5
12671-35,8.5
12675-14,9.5
12676-1,4.5
12677-164,7.0
12678-66,3.0
12681-63,3.0
12682-5,3.5
12683-156,4.5
12684-5,4.5
12685-57,8.0
12686-15,4.5
12687-2,8.5
12688-115,4.5
12689-56,13.0
12690-33,5.5
12691-44,8.5
12692-56,8.5
12693-2,9.5
12694-28,4.0
12695-62,3.0
12696-166,5.0
12697-30,9.5
12698-72,3.5
12699-28,23.0
12700-9,2.5
12701-1,9.5
12702-13,3.0
12703-6,12.5
12704-26,4.0
12705-9,2.5
12706-2,8.0
12707-26,3.0
12708-91,6.0
12709-63,5.5
12711-19,4.5
12712-9,3.0
12713-365,7.0
12714-38,4.0
12715-30,40.0
12716-3,5.0
12717-65,4.5
12718-43,4.5
12720-71,4.5
12721-4,3.5
12724-81,7.0
12726-3,3.5
12727-7,4.0
12729-12,5.0
12730-3,4.0
12731-12,5.5
12732-13,4.0
12734-112,3.5
12735-39,4.0
12737-12,4.0
12738-43,4.0
12740-55,4.5
12742-160,4.5
12743-18,2.5
12746-4,3.0
12747-89,8.5
12748-6,3.0
12750-9,2.5
12751-26,2.5
12753-6,4.0
12754-14,4.0
12756-3,3.5
12758-47,4.5
12759-47,2.5
12760-34,3.5
12761-12,3.0
12763-69,3.5
12764-3,3.5
12766-33,4.0
12768-3,3.0
12771-19,3.0
12772-8,3.0
12774-12,4.0
12775-6,6.5
12777-11,4.5
12779-30,3.5
12781-2,3.0
12783-29,3.5
12784-10,3.0
12785-49,5.0
12786-61,3.0
12787-47,4.0
12788-6,6.5
12790-10,5.0
12793-4,4.0
12794-6,3.0
12795-2,3.5
12796-44,4.0
12798-46,4.5
12799-65,2.0
12800-5,4.5
12801-33,3.0
12803-9,3.0
12804-5,5.5
12807-89,2.5
12808-103,3.0
12811-55,3.0
12812-25,6.0
12813-18,3.5
12814-17,3.5
12815-9,3.0
12817-1,5.5
12818-159,7.0
12820-1,4.5
12821-6,3.5
12822-34,4.0
12825-18,4.5
12826-5,6.0
12827-37,6.0
12830-4,2.5
12831-21,3.5
12832-10,3.0
12834-3,2.5
12835-101,3.5
12838-28,4.5
12842-43,4.0
12843-6,5.0
12844-10,4.5
12845-18,9.0
12846-3,3.0
12847-27,6.0
12848-9,4.0
12849-25,3.5
12851-5,3.0
12853-112,5.0
12854-3,4.0
12855-16,5.0
12856-14,2.5
12859-33,4.5
12860-7,3.0
12861-13,8.0
12862-14,5.5
12864-9,5.5
12867-40,3.0
12869-68,10.0
12871-10,4.0
12872-35,4.5
12873-11,3.0
12875-28,3.0
12876-39,4.0
12878-60,4.0
12879-5,3.0
12880-1,3.0
12881-17,3.0
12882-7,4.0
12885-42,4.0
12888-18,4.0
12891-1,5.0
12892-10,4.5
12893-159,4.0
12894-3,4.0
12895-28,4.0
12898-5,23.0
12900-29,19.0
12904-180,4.5
12906-137,3.5
12912-25,10.0
12915-26,3.0
12916-3,3.5
12921-51,8.5
12923-51,5.0
12925-105,13.5
12931-16,6.0
12933-17,26.0
12934-1,3.5
12936-38,3.5
12939-1,17.0
12940-35,2.0
12941-24,4.0
12945-33,19.0
12954-71,4.0
12956-40,5.5
12957-62,5.5
12958-8,4.5
12960-9,6.5
12963-1,4.0
12968-2,10.0
12970-35,6.0
12975-11,3.0
12976-49,4.0
12980-31,5.5
12986-12,26.0
12987-12,3.5
12988-49,3.5
12990-39,3.5
12991-49,5.5
12993-21,6.0
13007-66,19.0
13011-20,32.0
13013-41,4.5
13021-12,6.5
13022-20,12.0
13023-8,3.0
13025-4,3.0
13027-20,3.0
13028-2,5.0
13032-1,3.5
13039-1,15.5
13041-47,2.5
13042-7,4.0
13043-157,5.0
13044-5,4.5
13053-6,5.0
13054-87,3.0
13055-53,13.5
13056-18,3.5
13059-33,3.5
13062-4,4.5
13066-42,4.0
13067-5,2.5
13068-139,23.0
13073-14,6.0
13076-4,7.5
13078-3,5.0
13082-9,5.5
13083-18,9.5
13085-18,2.5
13088-397,3.5
13089-6,5.0
13090-17,4.0
13093-6,4.5
13094-75,4.0
13095-51,8.0
13097-11,2.5
13098-93,5.5
13101-60,3.0
13102-1,4.0
13103-125,3.5
13104-32,3.5
13105-7,9.5
13107-9,5.0
13109-82,3.0
13111-79,3.0
13112-179,4.0
13113-7,3.0
13114-50,5.0
13116-25,4.5
13117-232,13.0
13118-5,3.5
13119-26,2.5
13122-19,5.0
13123-3,4.0
13124-20,4.5
13125-45,5.0
13126-52,5.0
13129-40,4.0
13130-150,5.5
13131-5,11.5
13132-14,5.5
13133-73,5.5
13228-75,7.5
13229-20,6.5
13230-174,5.0
13231-90,2.5
13236-25,6.0
13240-170,3.5
13242-134,5.5
13256-21,4.0
13268-45,4.0
13374-4,5.0
13375-48,3.0
13377-3,4.5
13378-80,4.5
13381-49,5.0
13384-110,5.5
13386-248,4.0
13387-55,3.0
13388-57,2.5
13389-8,8.0
13392-13,2.5
13393-46,4.5
13397-88,7.5
13399-33,3.5
13403-5,5.5
13405-61,3.5
13406-161,3.0
13408-23,3.5
13409-9,2.5
13411-21,4.0
13412-5,4.0
13416-8,5.0
13421-17,2.5
13422-66,3.0
13423-94,3.0
13424-51,3.5
13427-66,3.5
13429-3,4.0
13430-50,3.5
13431-74,3.0
13432-9,3.0
13434-172,4.0
13435-31,3.5
13436-54,4.5
13438-115,3.0
13439-6,5.5
13441-30,4.5
13447-42,8.0
13449-25,2.5
13450-49,6.0
13451-2,8.0
13452-113,2.5
13453-2,14.0
13455-10,3.5
13457-33,3.5
13459-30,4.5
13460-4,4.0
13463-1,5.0
13464-8,3.0
13465-5,3.5
13468-5,3.0
13470-43,3.0
13472-35,3.5
13473-55,4.0
13474-40,4.5
13475-10,5.0
13476-16,3.0
13477-65,7.0
13479-8,3.5
13481-24,3.0
13482-14,4.5
13484-69,4.5
13485-20,4.5
13486-9,3.0
13487-24,4.0
13488-3,4.5
13490-1,5.5
13491-40,4.5
13492-44,5.5
13493-5,4.0
13494-6,4.0
13495-48,5.5
13496-19,7.0
13497-34,3.5
13498-1,3.5
13499-30,5.5
13500-9,10.5
13501-10,5.5
13502-2,6.5
13503-19,7.5
13504-147,5.5
13506-10,14.5
13507-51,17.5
13509-5,3.0
13510-7,2.0
13511-29,3.5
13512-28,3.0
13513-174,3.0
13514-121,6.5
13515-8,2.5
13516-46,3.0
13517-3,3.0
13518-5,3.5
13519-112,3.0
13522-20,4.5
13524-25,5.0
13525-17,6.5
13526-5,4.5
13529-39,2.5
13530-5,3.0
13532-25,2.5
13534-20,4.0
13535-2,5.5
13536-56,3.0
13539-131,7.5
13540-1,9.5
13541-1,3.5
13543-7,5.0
13544-9,9.0
13545-97,5.0
13547-5,5.0
13548-53,12.0
13549-15,4.0
13552-7,5.0
13553-4,6.0
13554-78,2.5
13556-28,3.5
13557-3,4.5
13561-5,4.0
13563-259,2.5
13565-2,3.0
13566-2,5.0
13567-1,4.5
13568-30,7.5
13570-43,3.0
13572-43,5.0
13573-5,6.0
13574-50,5.0
13575-40,8.0
13576-15,2.5
13577-25,4.5
13578-98,10.0
13580-2,3.0
13583-19,3.0
13587-10,6.0
13588-11,5.5
13589-10,3.5
13590-1,3.0
13591-31,3.5
13594-158,6.0
13595-20,6.5
13596-3,6.0
13597-20,6.0
13599-15,7.0
13602-6,3.0
13603-7,5.0
13604-27,5.0
13605-16,7.5
13609-11,3.5
13610-9,4.0
13612-7,4.0
13613-23,13.0
13614-6,3.0
13615-60,8.0
13618-15,4.5
13620-10,3.0
13621-31,8.0
13622-16,6.0
13623-4,4.5
13624-17,4.0
13625-19,4.0
13628-58,3.0
13629-25,4.5
13631-1,2.5
13632-10,4.0
13634-209,4.5
13636-20,8.5
13639-101,4.5
13640-5,3.0
13642-90,4.0
13644-30,5.0
13645-14,8.5
13650-11,8.5
13651-54,3.5
13652-2,3.5
13653-335,8.5
13654-1,4.5
13655-34,3.0
13657-2,5.0
13658-31,8.5
13659-36,6.5
13660-76,6.0
13661-193,2.5
13663-2,11.0
13665-35,5.5
13666-222,3.5
13668-44,4.0
13669-6,11.0
13670-81,2.5
13671-40,5.0
13672-3,6.5
13673-21,19.0
13676-46,7.5
13678-169,4.5
13680-3,3.5
13681-173,5.0
13682-47,5.0
13683-18,29.0
13686-2,5.5
13687-5,4.0
13688-2,3.5
13689-2,4.5
13690-26,5.5
13691-10,7.0
13692-154,3.0
13693-5,3.5
13694-24,4.0
13697-51,8.0
13698-28,3.0
13699-6,4.0
13700-10,7.0
13701-2,5.5
13704-5,4.0
13706-12,8.0
13707-27,5.5
13708-56,3.5
13710-6,6.5
13711-10,3.0
13712-104,7.0
13713-164,7.5
13717-15,5.0
13719-19,4.5
13720-95,3.5
13722-105,5.5
13723-6,4.0
13724-27,5.0
13725-3,3.5
13726-4,10.0
13727-44,6.5
13728-19,4.0
13729-26,8.5
13730-18,5.5
13731-14,4.5
13732-79,2.0
13733-5,4.5
13734-22,4.0
13735-1,3.0
13738-8,6.0
13739-3,10.5
13740-51,3.0
13741-36,5.5
13742-66,8.0
13743-56,3.5
13744-37,4.5
13745-10,2.5
13747-9,3.0
13748-4,4.5
13924-13,5.5
13926-1,6.5
13929-27,3.5
13930-3,4.5
13931-22,9.0
13932-45,10.5
13933-276,8.5
13934-3,4.0
13936-24,3.5
13937-75,3.0
13939-14,6.5
13940-19,4.5
13941-82,4.5
13942-140,4.0
13943-38,4.0
13944-3,4.5
13946-8,4.5
13947-371,3.5
13948-50,6.0
13950-9,7.5
13954-9,6.0
13955-33,4.0
13958-5,4.0
13959-7,9.5
13960-15,7.0
13961-18,4.5
13963-7,6.5
13966-30,9.0
13967-14,4.0
13969-24,8.0
13972-4,3.0
13973-62,4.0
13975-56,9.0
13976-9,3.0
13977-28,2.5
13978-122,4.5
13979-3,3.5
13982-33,7.5
13983-27,8.0
13984-23,3.0
13985-12,5.0
13986-6,6.0
13988-67,4.0
13990-1,4.0
13991-47,2.5
13992-12,3.5
13993-20,5.0
13994-1,10.5
13996-16,3.5
13998-26,6.0
14002-18,3.0
14005-2,2.5
14006-36,5.0
14007-22,3.0
14008-22,4.0
14009-65,2.5
14011-17,3.0
14012-17,2.5
14013-11,4.5
14019-73,3.0
14021-81,5.0
14022-17,3.5
14023-84,4.5
14024-196,7.5
14025-18,2.5
14026-24,4.0
14028-22,7.5
14029-42,4.0
14030-21,13.0
14031-18,4.0
14032-2,4.5
14034-22,3.0
14035-13,3.5
14036-116,2.5
14037-18,4.5
14038-130,6.0
14039-33,3.5
14041-13,4.0
14042-11,4.5
14043-12,10.0
14045-12,5.5
14047-78,3.0
14048-7,5.5
14049-17,5.0
14050-61,3.5
14051-54,3.5
14052-26,4.5
14054-17,5.0
14056-4,3.5
14057-68,4.5
14060-67,24.0
14061-48,3.5
14063-17,2.5
14064-21,3.0
14065-11,4.5
14066-49,4.5
14067-6,6.0
14068-29,3.5
14069-61,4.0
14070-56,3.0
14072-9,7.5
14073-31,7.0
14074-2,2.5
14076-74,5.0
14077-6,3.5
14078-69,4.0
14079-14,4.5
14081-5,4.5
14082-56,4.0
14083-25,6.0
14084-191,4.0
14085-28,4.0
14086-11,6.5
14088-38,9.0
14090-23,4.5
14091-42,4.0
14093-10,2.5
14094-29,4.5
14095-1,3.0
14097-86,3.0
14098-28,3.5
14099-20,5.5
14100-63,6.0
14101-2,5.0
14102-6,4.0
14103-12,4.0
14104-1,3.0
14105-5,6.5
14106-46,3.5
14107-1,6.0
14108-15,4.5
14109-15,2.5
14110-200,3.0
14111-15,4.0
14112-40,6.5
14114-18,4.0
14115-34,3.5
14116-129,3.5
14120-2,7.0
14121-24,7.5
14122-132,2.5
14123-34,4.5
14124-6,3.5
14125-5,5.5
14127-240,3.5
14128-121,3.0
14129-1,4.0
14131-37,4.0
14132-21,3.0
14133-93,3.5
14134-49,8.0
14135-3,2.0
14136-234,3.5
14139-16,3.0
14143-8,9.0
14144-3,6.5
14146-92,5.5
14148-2,2.5
14149-9,3.0
14150-7,15.0
14151-4,3.5
14153-8,2.5
14156-33,4.0
14157-21,4.5
14158-17,4.5
14175-78,5.5
14178-18,3.5
14186-13,4.5
14192-31,4.5
14197-2,12.0
14203-3,8.5
14204-55,3.5
14205-6,2.5
14206-28,4.0
14208-3,10.5
14216-35,10.0
14226-120,5.0
14227-21,3.0
14228-1,6.5
14229-5,12.5
14237-1,5.0
14245-195,17.5
14246-50,5.0
14249-68,4.5
14250-115,5.0
14254-27,3.0
14256-4,3.5
14260-112,3.0
14268-4,10.0
14271-23,6.0
14273-19,10.5
14283-12,3.5
14284-23,60.0
14286-2,9.5
14287-6,6.0
14291-53,6.5
14294-61,4.5
14308-192,7.5
14309-8,5.5
14314-6,17.0
14318-1,4.5
14324-52,5.5
14326-4,5.5
14329-4,2.5
14331-262,7.5
14332-3,4.0
14334-3,4.0
14337-1,3.5
14341-8,3.5
14583-49,11.0
14587-16,6.0
14593-152,8.5
14597-5,3.5
14599-18,4.5
14603-51,4.5
14605-2,70.0
14614-41,4.5
14615-46,6.0
14616-16,4.0
14617-7,2.5
14618-26,3.5
14619-8,3.0
14623-26,5.0
14624-51,3.0
14628-72,3.0
14631-22,5.5
14633-26,9.5
14634-13,2.5
14635-28,3.0
14636-25,5.0
14645-253,11.5
14655-1,4.5
14662-6,6.5
14663-44,4.0
14670-1,5.0
14674-63,3.0
14675-20,7.5
14684-17,4.5
14685-17,3.0
14687-6,7.0
14688-6,3.0
14689-3,4.0
14692-3,22.0
14696-45,6.5
14703-6,6.5
14705-1,4.5
14708-59,10.0
14711-27,8.0
14713-46,4.0
14747-9,5.0
14748-31,4.0
14755-4,2.0
14756-29,5.0
14757-144,70.0
14759-149,7.0
15295-81,42.0
15297-3,13.0
15298-199,4.0
15299-102,6.5
15300-66,3.5
15301-24,5.0
15303-63,9.5
15304-1,4.5
15305-7,4.5
15306-20,2.5
15308-108,5.0
15310-61,4.5
15312-14,6.0
15313-28,4.0
15314-49,4.5
15315-64,3.0
15316-262,4.5
15318-75,5.5
15319-226,4.0
15321-8,4.0
15322-35,8.5
15323-112,6.0
15324-58,3.5
15325-14,6.0
15326-64,6.5
15329-167,15.0
15331-47,11.0
15333-11,5.5
15336-7,5.0
15339-32,38.0
15343-337,11.0
15346-31,9.0
15347-12,11.0
15358-28,16.5
15361-37,2.0
15363-32,4.0
15364-101,10.0
15365-41,4.0
15367-38,23.0
15368-3,4.0
15370-5,4.5
15372-43,2.5
15374-15,8.5
15375-49,2.5
15376-134,4.0
15381-45,2.5
15383-200,4.0
15384-15,4.5
15385-116,3.5
15386-7,8.0
15387-44,4.5
15388-24,4.5
15389-1,3.5
15390-3,7.0
15391-114,4.0
15394-79,6.5
15395-15,4.0
15398-2,4.0
15402-2,3.0
15403-53,3.0
15404-3,3.5
15405-23,2.5
15412-40,4.0
15413-3,3.0
15414-316,11.0
15416-54,6.0
15417-3,3.5
15418-25,4.5
15419-15,8.5
15422-12,5.0
15426-5,4.5
15427-35,6.5
15430-165,7.5
15431-31,3.5
15432-1,3.0
15433-4,5.5
15434-5,3.5
15435-4,3.0
15436-40,2.5
15437-11,2.0
15439-21,2.5
15440-57,2.5
15441-6,4.0
15444-45,4.0
15446-25,4.5
15447-45,6.0
15448-47,3.0
15449-33,6.5
15452-5,7.0
15453-3,6.5
15455-40,5.0
15457-14,4.0
15460-9,6.0
15462-28,6.5
15465-79,7.5
15466-30,4.5
15467-10,7.5
15468-14,5.0
15470-11,3.5
15471-29,4.0
15472-16,4.0
15474-7,5.0
15475-4,5.5
15476-6,3.5
15480-2,5.0
15481-45,6.5
15482-12,3.0
15483-377,4.5
15486-126,5.5
15487-164,7.5
15491-20,4.5
15492-1,4.5
15494-11,3.5
15495-9,2.5
15497-9,4.0
15499-11,7.0
15503-15,6.0
15503-20,7.0
15504-39,2.5
15506-34,2.5
15509-2,4.0
15511-37,5.5
15513-108,2.5
15514-26,4.0
15515-2,5.0
15516-12,6.0
15521-4,3.5
15522-2,5.5
15523-9,4.5
15524-30,4.5
15525-294,4.5
15526-33,3.0
15527-90,3.5
15529-33,8.5
15530-33,4.5
15533-97,5.5
15534-26,10.0
15535-3,4.0
15539-15,5.0
15540-6,4.5
15542-19,10.0
15544-25,5.5
15545-13,6.5
15548-35,4.5
15553-22,2.5
15556-49,3.0
15558-63,12.0
15559-5,3.0
15560-52,12.0
15562-24,4.5
15565-102,4.5
15566-10,4.5
15567-2,2.5
15569-15,3.5
15570-99,5.0
15573-110,5.5
15574-37,4.0
15576-158,7.5
15579-26,5.0
15580-2,2.5
15581-16,5.0
15582-25,3.5
15583-18,3.0
15584-9,4.0
15585-304,5.0
15587-20,3.5
15588-17,3.0
15589-1,5.5
15591-28,4.5
15594-47,5.0
15596-7,5.0
15602-43,4.0
15603-20,3.5
15604-18,5.0
15606-19,5.5
15607-56,5.0
15608-5,3.0
15610-72,5.5
15612-5,4.0
15613-16,3.0
15614-168,6.5
15615-8,5.0
15617-8,3.0
15619-49,4.5
15620-4,3.5
15622-13,5.0
15623-1,2.5
15626-223,2.5
15627-83,5.5
15631-18,4.0
15633-6,7.5
15634-139,3.5
15635-4,7.5
15636-49,3.5
15637-38,3.5
15640-54,5.0
15641-20,2.0
15644-1,7.5
15653-9,4.0
15666-21,4.0
15667-39,4.0
15668-19,7.5
15669-7,5.5
15670-15,6.5
15674-3,3.5
15675-3,18.0
15678-71,7.5
15686-49,3.5
15688-30,3.0
15692-300,3.5
15693-9,6.0
15698-6,5.0
16015-19,10.0
16021-30,30.0
16035-8,3.5
16043-30,4.5
16049-43,80.0
16055-3,10.0
16057-6,3.0
16060-99,6.0
16070-7,3.0
16074-12,5.0
16079-2,7.0
16081-38,24.0
16288-17,3.5
16292-288,4.0
16293-1,4.0
16296-43,5.0
16297-14,4.0
16298-84,6.0
16299-13,16.0
16300-4,4.5
16302-11,7.0
16304-6,4.0
16305-10,8.0
16307-22,5.5
16308-14,10.5
16309-30,6.5
16312-45,11.5
16315-105,4.0
16317-20,4.5
16318-12,3.5
16320-139,5.5
16322-10,3.0
16323-8,3.5
16324-38,7.0
16535-61,3.5
16536-3,3.0
16551-14,5.5
16558-2,4.5
16561-9,9.0
16583-8,5.5
16585-16,10.5
16587-1,42.0
16588-10,23.0
16591-71,3.0
16593-3,3.5
16594-44,5.5
16596-25,6.0
16597-11,3.0
16599-38,3.5
16605-2,3.0
16606-85,4.5
16607-78,9.0
16609-106,7.0
16610-13,4.5
16612-28,9.0
16613-3,3.0
16614-27,5.5
16616-137,6.5
16617-14,25.0
16618-7,7.0
16620-26,6.0
16621-77,3.5
16746-12,4.5
16748-1,9.5
16749-79,5.5
16751-15,3.5
16753-46,2.5
16754-40,6.0
16755-195,5.0
16756-30,5.0
16758-96,4.0
16760-2,6.5
16763-11,5.0
16765-52,3.5
16768-3,5.0
16769-20,4.0
16770-3,5.0
16773-29,4.0
16780-6,5.5
16781-2,3.5
16785-45,4.5
16792-4,10.5
16802-31,10.0
16803-4,7.0
16805-5,8.0
16807-35,11.0
16809-1,5.5
16810-3,4.5
16814-13,6.0
16818-200,4.0
16823-75,5.0
16825-20,4.5
16828-8,3.5
16831-7,4.5
16836-1,3.0
16837-20,65.0
16845-15,4.0
16847-39,4.0
16850-5,4.5
16851-50,4.5
16852-10,4.5
16853-5,3.5
16854-17,8.0
16856-79,8.5
16857-2,3.0
16858-384,3.0
16859-100,3.0
16863-47,3.0
16865-62,4.0
16867-76,3.5
16872-248,5.0
16875-13,3.5
16877-19,4.0
16882-27,6.0
16883-57,4.5
16885-49,11.5
16887-29,3.0
16890-37,6.5
16892-23,7.0
16899-59,3.5
16900-29,3.5
16902-17,4.0
16907-3,6.0
16908-5,4.0
16913-8,9.0
16914-104,5.0
16915-153,3.5
16916-19,3.0
16918-198,4.5
16919-1,5.0
16922-53,3.0
16923-20,3.0
16926-44,2.5
16927-9,4.5
16932-5,2.5
17137-160,5.5
17138-8,3.5
17140-57,8.5
17145-1,10.5
17148-7,9.5
17150-8,8.5
17151-84,5.0
17152-10,1.5
17153-46,4.0
17154-2,15.0
17155-1,13.0
17156-72,4.0
17158-17,6.0
17161-1,6.0
17163-117,7.0
17164-15,3.5
17165-1,6.0
17166-4,3.5
17170-15,3.5
17172-19,4.5
17175-5,5.0
17176-13,6.5
17195-43,5.0
17196-5,2.5
17199-43,5.0
17200-50,10.0
17202-37,3.5
17204-17,3.0
17205-21,5.5
17209-27,7.0
17210-2,3.5
17224-12,4.0
17231-1,6.5
17319-1,3.0
17320-19,6.5
17325-10,5.5
17326-44,3.0
17327-3,3.0
17329-2,4.0
17331-138,3.0
17332-3,6.0
17333-20,9.0
17335-18,4.5
17336-54,4.0
17337-1,3.5
17341-89,15.5
17342-13,6.5
17343-6,3.0
17344-23,3.5
17345-12,6.0
17346-61,3.5
17347-80,8.5
17348-5,5.5
17350-13,7.0
17355-56,3.5
17356-34,2.5
17357-33,3.0
17362-5,5.0
17364-8,4.5
17365-7,5.5
17366-6,3.0
17367-5,3.5
17370-186,4.5
17372-5,2.5
17377-1,4.5
17380-2,9.0
17383-4,4.0
17384-110,4.0
17387-27,3.5
17391-10,4.0
17393-13,9.0
17396-23,4.5
17397-8,4.0
17398-55,4.0
17400-71,4.5
17403-14,5.0
17404-5,3.5
17405-2,4.5
17408-2,3.5
17410-5,4.0
17411-55,5.5
17419-17,2.0
17427-26,5.5
17432-25,8.5
17435-43,6.5
17436-193,4.0
17441-4,5.5
17447-52,4.0
17449-23,4.5
17450-51,8.5
17451-13,7.0
17453-34,10.5
17454-15,3.5
17455-42,14.0
17456-53,4.5
17460-51,7.0
17462-19,3.0
17466-72,3.0
17467-1,2.5
17468-1,5.0
17474-106,3.0
17475-18,4.5
17490-4,4.5
17495-141,4.5
17505-125,6.0
17509-6,10.5
17510-7,3.0
17511-10,6.0
17512-2,6.5
17513-11,7.0
17514-48,7.5
17515-6,3.0
17516-7,16.0
17671-58,3.0
17672-184,3.0
17673-34,7.5
17675-17,8.5
17676-13,8.0
17677-47,65.0
17678-28,3.0
17680-12,3.5
17682-1,3.5
17683-2,3.0
17685-9,4.0
17686-27,7.5
17691-1,2.5
17692-2,5.0
17693-2,5.5
17694-32,7.0
17696-1,3.5
17697-2,5.0
17698-15,4.5
17699-43,4.0
17702-53,3.0
17703-40,2.5
17704-74,3.0
17706-4,5.5
17710-40,19.0
17711-13,3.0
17712-7,4.5
17721-82,3.0
17722-5,8.5
17724-3,4.0
17725-37,4.0
17726-3,7.0
17727-1,2.5
17728-61,5.0
17729-20,4.0
17734-13,5.5
17735-130,3.0
17736-105,3.0
17737-7,7.0
17738-7,5.5
17739-1,8.0
17742-2,7.0
17743-14,7.0
17744-31,6.5
17746-77,2.5
17747-45,9.0
17748-21,4.0
17750-8,4.0
17751-68,4.5
17752-24,3.0
17755-5,5.0
17756-69,4.5
17757-86,3.5
17758-79,3.0
17760-128,4.5
17761-2,3.5
17764-108,5.0
17765-3,5.0
17766-5,3.5
17768-50,4.5
17769-28,6.0
17770-42,4.5
17771-35,12.5
17772-7,6.0
17773-26,4.5
17774-38,4.5
17775-8,7.0
17776-15,4.5
17777-31,2.5
17778-19,8.0
17781-191,7.0
17782-23,5.0
17783-9,3.5
17784-23,5.0
17785-11,3.5
17786-5,4.0
17787-1,19.5
17789-1,5.5
17791-25,4.0
17792-158,4.5
17793-4,3.0
17794-6,7.5
17795-176,3.5
17796-15,5.5
17797-1,3.0
17799-9,3.5
17800-33,2.5
17802-4,8.5
17804-102,4.0
17805-35,6.0
17806-6,7.0
17808-37,7.0
17811-78,6.5
17812-2,2.5
17813-21,3.0
17814-8,4.5
17816-58,3.5
17817-22,6.0
17818-22,8.0
17819-30,6.5
17820-170,5.5
17821-20,4.0
17822-57,6.0
17823-40,5.0
17826-341,8.5
17827-53,4.0
17828-3,3.5
17829-2,3.0
17832-12,3.0
17835-28,3.0
17836-17,2.0
17837-5,6.5
17843-30,9.0
17849-6,5.0
17850-42,2.5
17852-5,5.5
17854-33,2.5
17855-28,2.5
17856-23,5.5
17857-6,2.5
18156-7,3.5
18158-45,7.5
18160-2,3.5
18162-167,4.5
18165-181,3.0
18166-4,3.5
18170-46,2.5
18171-25,3.0
18172-71,2.5
18173-11,4.0
18174-79,2.5
18175-65,3.0
18177-49,4.0
18178-13,2.5
18179-56,3.0
18180-58,5.0
18181-2,5.5
18182-24,11.5
18183-3,8.5
18184-28,23.0
18185-118,3.0
18186-15,7.5
18187-16,4.5
18188-12,7.5
18189-12,18.5
18190-15,6.5
18191-23,4.0
18192-69,23.0
18193-165,3.5
18194-18,12.5
18195-3,32.0
18196-8,5.0
18197-97,3.5
18198-51,4.0
18202-22,5.0
18203-9,6.0
18204-1,4.5
18205-123,4.0
18206-18,3.5
18207-6,4.5
18208-3,9.0
18210-12,6.5
18212-43,8.0
18213-30,4.5
18214-2,4.0
18215-5,3.5
18216-22,3.5
18218-48,4.0
18220-141,4.0
18222-34,6.0
18224-11,9.0
18225-13,10.5
18226-148,5.5
18227-3,3.5
18228-30,4.5
18231-147,10.0
18232-42,6.0
18233-10,7.0
18235-16,6.0
18236-3,4.5
18237-29,3.0
18240-6,6.0
18241-18,5.0
18242-8,5.0
18243-9,3.5
18244-1,8.5
18253-8,4.5
18255-6,3.5
18257-64,4.5
18259-15,3.5
18261-34,3.5
18264-12,2.5
18265-18,3.5
18267-74,2.5
18268-5,3.0
18270-10,9.0
18271-43,6.0
18273-14,3.5
18274-2,3.0
18275-5,6.0
18276-34,3.5
18277-28,3.0
18280-29,4.0
18282-1,10.0
18284-77,2.5
18285-6,8.0
18286-3,12.0
18289-16,4.0
18290-6,5.0
18291-8,5.5
18294-26,3.0
18295-102,6.5
18297-8,4.5
18299-13,3.5
18300-39,5.5
18301-10,7.0
18302-204,11.0
18303-39,11.0
18304-19,3.0
18306-1,6.5
18307-71,4.0
18308-30,4.0
18309-18,9.5
18310-26,3.5
18311-44,24.0
18312-68,3.0
18313-4,3.0
18314-88,4.0
18315-38,6.0
18316-75,2.0
18317-111,4.0
18318-98,6.5
18319-7,7.0
18321-38,5.5
18322-15,4.5
18323-39,2.5
18324-61,3.5
18326-50,4.0
18327-6,3.5
18328-36,8.0
18329-4,5.5
18330-7,3.5
18331-3,6.0
18332-17,6.0
18336-31,5.0
18337-4,3.5
18338-26,10.5
18339-207,2.5
18340-2,5.5
18342-2,4.0
18343-10,4.5
18347-15,4.0
18348-89,4.0
18373-13,4.0
18375-28,13.5
18376-19,3.5
18380-78,4.5
18381-16,7.0
18382-109,3.0
18383-9,12.5
18385-4,3.0
18386-36,2.5
18387-7,9.0
18389-11,3.0
18392-19,5.0
18395-5,5.0
18396-10,3.5
18397-5,6.0
18398-1,4.0
18399-1,11.5
18400-52,3.5
18401-18,4.0
18402-1,5.0
18403-25,5.0
18404-22,4.0
18405-117,3.0
18407-36,4.5
18408-26,4.5
18409-61,6.0
18410-26,65.0
18411-83,6.5
18413-24,4.5
18414-26,4.0
18415-16,4.0
18416-3,3.5
18417-3,10.0
18419-20,5.5
18422-41,3.5
18429-10,9.0
18432-32,32.0
18434-141,4.0
18435-40,8.0
18449-33,18.0
18458-4,5.0
18483-36,11.0
18813-15,5.0
18814-21,3.5
18817-50,5.0
18819-21,3.0
18821-9,5.5
18823-52,10.0
18824-7,4.0
18829-4,8.0
18830-1,6.5
18831-6,3.0
18832-65,4.5
18833-76,4.5
18837-9,6.5
18839-24,12.0
18840-205,5.5
18841-1,4.5
18842-24,5.5
18859-7,3.5
18860-2,3.5
18863-176,3.5
18864-7,3.5
18866-8,12.5
18868-7,4.0
18870-1,4.5
18871-24,3.5
18873-8,4.5
18874-66,4.0
18875-125,4.5
18876-77,3.5
18877-15,3.5
18878-15,2.5
18880-81,6.0
18881-7,4.5
18882-7,4.5
18883-4,9.0
18884-22,4.5
18886-28,4.0
18887-7,2.5
18888-37,4.0
18890-227,8.0
18891-98,5.5
18892-48,4.0
18893-26,7.0
18894-1,3.0
18895-54,5.0
18896-23,4.5
18897-31,5.5
18898-36,2.5
18899-82,4.0
18900-37,3.0
18901-26,6.0
18904-23,3.0
18905-5,4.0
18907-97,6.5
18909-11,2.5
18910-45,3.5
18913-3,3.5
18914-188,4.5
18916-25,5.5
18917-53,5.5
18918-86,3.0
18921-30,4.5
18922-27,4.5
18925-24,9.5
18926-7,3.0
18927-14,7.0
18928-10,3.5
18930-28,5.5
18931-40,3.0
18932-84,2.5
18933-4,2.5
18934-50,8.0
18935-14,2.5
18938-3,12.5
18942-11,7.5
18943-4,5.0
18945-11,7.0
18947-3,3.5
18950-13,5.0
19108-50,2.5
19109-32,4.0
19110-6,3.5
19111-10,3.5
19112-2,4.0
19113-66,5.0
19114-8,3.5
19115-13,4.5
19116-1,3.5
19117-3,6.0
19118-47,3.5
19119-10,5.0
19120-33,3.5
19121-3,4.0
19122-47,7.0
19123-6,4.0
19124-9,5.5
19125-26,3.5
19126-4,3.5
19127-1,6.0
19129-15,4.0
19130-81,3.0
19131-184,3.5
19132-1,4.0
19134-66,3.0
19135-5,3.5
19136-22,5.0
19139-3,3.5
19141-22,7.0
19142-39,2.5
19143-38,5.0
19144-9,5.0
19145-4,3.0
19147-6,4.5
19148-58,4.5
19150-20,6.0
19152-4,4.5
19153-53,2.5
19154-41,6.0
19158-1,3.0
19159-9,3.5
19161-1,4.5
19163-26,9.5
19166-15,3.5
19168-71,4.0
19169-88,4.5
19170-25,2.0
19173-5,7.0
19174-141,5.0
19175-18,3.5
19176-27,3.5
19177-7,3.5
19180-38,13.5
19183-164,6.5
19187-21,3.5
19188-21,3.5
19189-2,7.5
19190-4,7.0
19193-18,6.5
19194-9,8.0
19195-85,4.0
19196-73,4.5
19197-95,7.0
19199-3,3.0
19200-16,2.5
19202-10,10.0
19206-20,4.5
19207-119,4.5
19208-8,8.5
19209-6,6.5
19212-4,4.0
19213-1,7.0
19215-7,3.5
19219-71,4.0
19222-124,7.5
19223-6,5.0
19224-5,9.0
19225-11,2.5
19227-18,3.5
19228-11,3.5
19229-92,6.5
19230-12,3.0
19231-22,3.5
19233-75,4.5
19236-24,6.5
19237-17,7.0
19238-12,4.0
19239-5,3.5
19240-265,7.5
19241-31,5.0
19242-21,2.5
19243-2,3.0
19247-1,10.0
19249-18,8.0
19250-50,5.5
19251-56,6.5
19252-67,2.5
19253-82,4.0
19254-125,6.0
19255-124,4.0
19257-11,5.0
19258-24,4.5
19259-176,7.5
19260-4,3.5
19261-12,2.5
19262-219,8.5
19263-147,10.0
19264-6,4.5
19265-9,11.0
19266-35,8.0
19267-14,8.0
19270-26,7.0
19271-64,5.0
19272-9,4.0
19273-3,4.0
19274-80,5.5
19275-68,5.5
19276-124,4.0
19277-4,5.0
19278-19,5.5
19279-42,4.0
19280-29,4.0
19281-86,3.5
19282-3,4.5
19286-30,3.0
19287-59,5.0
19289-29,6.0
19290-5,2.5
19291-2,4.0
19293-6,8.5
19294-26,9.0
19295-32,8.5
19296-51,4.0
19297-4,4.0
19302-7,4.5
19303-64,9.5
19310-81,11.5
19311-15,2.5
19316-2,12.0
19317-114,3.5
19323-1,5.0
19325-21,3.5
19327-31,13.5
19328-51,3.5
19329-31,3.0
19331-18,3.0
19332-1,4.0
19333-4,4.5
19334-62,6.5
19335-2,6.5
19338-3,6.0
19341-36,9.5
19347-37,5.0
19353-25,2.5
19356-20,14.0
19357-11,4.0
19360-22,2.5
19361-78,6.5
19364-163,4.5
19365-11,4.5
19366-8,9.0
19367-34,8.5
19369-17,4.0
19370-30,2.5
19371-18,5.5
19372-7,9.5
19373-3,8.0
19374-72,9.5
19376-74,3.0
19377-14,3.5
19379-154,4.0
19381-7,3.0
19383-131,4.0
19388-2,3.0
19392-6,4.5
19437-61,3.5
19438-68,4.0
19446-1,3.5
19448-104,4.0
19467-3,8.5
19482-11,12.0
19483-16,13.0
19488-1,6.0
19491-11,11.5
19492-5,2.5
19496-1,5.5
19503-2,15.0
19504-22,8.5
19506-6,10.0
19511-8,4.5
19516-10,4.5
19518-12,12.0
19523-215,4.5
19545-145,16.5
19553-14,4.0
19555-1,4.0
19556-12,2.5
19557-3,3.0
19558-10,5.5
19560-23,5.0
19561-216,2.5
19562-8,2.5
19563-3,3.0
19564-61,2.5
19567-1,4.5
19568-17,4.0
19570-12,3.0
19572-10,3.5
19574-5,6.5
19575-4,3.0
19578-19,8.0
19579-5,3.5
19581-15,15.5
19584-33,4.5
19586-89,6.5
19587-12,7.0
19590-46,3.5
19596-18,9.5
19601-15,4.0
19602-36,4.5
19606-28,3.5
19612-3,2.5
19613-16,5.0
19614-8,5.0
19615-213,6.0
19616-100,3.5
19617-5,7.0
19620-16,7.0
19622-7,5.5
19623-26,3.0
19630-2,4.0
19631-13,10.5
19635-69,7.5
19636-23,3.5
19637-9,3.5
19638-9,3.5
19639-53,4.0
19640-2,3.0
19742-3,6.5
19743-12,5.5
19748-3,5.0
19751-21,15.5
19752-197,8.5
19755-38,6.0
19760-26,11.0
19765-17,3.5
19767-20,9.5
19768-13,4.0
19774-8,4.5
19784-16,12.0
19786-26,3.5
19787-14,4.5
19788-6,10.0
19794-10,5.5
19797-4,3.5
19799-2,13.5
19802-22,6.0
19803-34,5.5
19808-26,8.0
19809-47,5.0
19819-7,8.5
19821-10,9.5
19823-75,10.0
19824-3,8.5
20054-28,6.0
20055-40,4.5
20056-7,4.0
20057-177,7.5
20064-24,15.5
20066-19,3.5
20067-26,7.0
20068-61,8.0
20069-23,3.0
20071-53,21.0
20073-22,7.5
20074-3,3.0
20075-130,4.5
20076-7,7.0
20078-6,6.5
20079-6,16.5
20081-14,4.5
20083-1,5.0
20086-5,4.5
20087-3,3.5
20089-172,3.5
20090-63,5.0
20091-138,6.0
20093-9,5.0
20103-176,8.0
20105-7,3.0
20106-80,3.5
20107-11,5.5
20110-25,5.0
20111-5,3.5
20116-30,4.0
20117-5,3.0
20120-101,3.0
20126-19,5.5
20127-102,6.0
20128-1,4.0
20130-144,7.5
20133-1,3.5
20134-27,10.0
20135-85,10.5
20137-49,10.0
20139-57,10.5
20141-42,4.0
20142-42,14.0
20159-1,6.0
20161-41,6.0
20165-4,9.5
20167-6,5.5
20173-39,6.5
20175-17,4.0
20181-17,3.5
20183-48,3.0
20185-44,4.0
20187-10,5.5
20189-28,2.5
20189-4,4.0
20191-13,5.0
20195-13,4.0
20197-14,3.0
20203-45,4.0
20205-55,3.0
20211-75,21.0
20213-82,3.0
20215-45,3.0
20217-26,4.5
20219-25,14.5
20221-26,5.0
20225-119,9.0
20229-67,6.0
20231-23,4.0
20237-38,3.5
20241-9,10.0
20243-26,5.0
20245-13,3.5
20247-17,6.0
20367-6,2.5
20370-6,4.5
20373-141,4.5
20374-41,5.5
20376-64,3.0
20378-110,4.5
20379-59,3.0
20380-50,3.0
20381-21,6.0
20382-8,2.5
20383-31,4.5
20385-21,2.0
20386-15,4.5
20387-277,6.5
20388-8,15.0
20389-36,4.0
20390-4,4.0
20393-10,5.5
20396-70,3.5
20398-60,9.0
20399-7,2.5
20401-19,4.5
20402-11,3.5
20408-11,6.0
20411-52,6.0
20423-40,4.0
20425-12,7.0
20426-34,15.5
20427-18,12.5
20428-5,2.5
20430-8,2.5
20432-6,3.0
20433-19,7.0
20434-23,3.0
20435-41,9.5
20436-93,5.5
20437-9,5.0
20439-14,7.0
20440-36,8.0
20441-35,5.0
20442-12,4.0
20443-37,8.0
20444-12,7.5
20445-29,6.5
20447-11,5.0
20448-7,3.0
20449-72,3.0
20451-126,7.5
20453-9,3.5
20454-24,3.0
20457-13,3.0
20458-22,6.5
20460-22,13.0
20461-58,2.5
20463-315,5.5
20464-7,5.0
20511-3,5.5
20512-2,4.5
20514-8,3.5
20516-11,4.5
20517-1,8.5
20518-11,17.0
20519-7,4.5
2052-1,7.0
20520-14,3.5
20521-83,6.5
20522-2,4.5
20524-38,3.5
20525-200,4.0
20526-3,3.0
20527-47,4.5
20528-23,3.5
20529-7,3.5
2053-2,7.0
20530-2,7.0
20531-5,4.0
20533-39,7.0
20534-6,2.5
20535-68,19.5
20536-11,6.0
20538-71,6.0
20539-4,4.5
2054-3,8.0
20540-65,3.0
20541-73,4.5
20542-47,3.5
20543-19,7.0
20544-103,3.5
20545-17,6.0
20546-71,6.0
20547-5,4.0
20549-1,4.0
2055-4,6.0
20550-38,2.5
20553-2,3.5
20557-19,5.0
20558-4,4.0
2056-5,6.0
20561-15,4.0
20562-78,6.0
20563-48,7.0
20564-53,11.0
20568-3,3.0
2057-6,6.0
20570-18,4.5
20572-6,9.5
20574-8,5.5
20575-82,5.5
20576-71,5.0
20577-5,6.0
20578-10,4.5
20579-50,3.5
2058-7,5.0
20581-42,7.5
20584-4,4.0
20585-5,4.0
20585-9,5.0
20586-18,3.5
20589-5,11.0
20590-13,6.5
20591-48,4.0
20592-8,14.5
20593-10,2.0
2060-9,5.0
2061-10,5.0
20912-10,4.0
20913-27,4.5
20915-68,3.5
20918-28,3.5
20921-1,5.0
20922-4,4.5
20923-10,10.0
20924-85,4.0
20926-31,3.0
20927-43,3.0
20928-39,3.0
20929-4,4.5
20931-156,4.0
20932-10,8.5
20934-13,4.5
20935-4,4.0
20936-8,3.5
20937-43,4.5
20939-113,3.0
20941-7,4.0
20942-4,3.5
20943-14,5.5
20946-41,2.0
20947-50,5.5
20948-16,8.0
20950-159,5.5
20952-15,10.0
20953-34,5.5
20954-27,6.5
20955-20,5.0
20956-13,3.0
20957-57,3.0
20958-13,4.5
20959-12,4.0
20960-47,5.5
20964-13,3.0
20965-18,3.5
20966-7,3.5
20967-137,2.5
20968-22,2.5
20969-114,3.0
20970-14,4.5
20971-1,5.5
20972-37,5.5
20975-2,4.5
20976-19,4.0
20977-2,3.0
20979-86,3.0
20982-29,4.0
20984-142,3.0
20986-58,10.5
20987-21,5.0
20988-63,2.5
20990-48,3.5
20991-2,6.5
20993-13,5.0
20994-37,6.5
20995-47,3.5
20996-107,3.5
20998-19,6.0
20999-12,6.0
21000-40,19.0
21001-393,4.5
21002-1,3.0
21008-113,6.0
21009-28,3.0
21104-37,5.5
21105-23,5.0
21106-206,3.0
21107-5,5.5
21108-5,4.0
21109-1,5.0
21110-5,4.5
21111-49,4.0
21112-6,4.0
21113-3,3.0
21114-18,6.0
21115-48,5.0
21116-13,7.0
21117-18,3.5
21118-48,4.5
21119-1,3.5
21120-3,5.0
21121-31,13.0
21122-3,5.0
21123-1,3.0
21124-17,7.0
21126-27,6.5
21128-2,6.0
21129-95,5.5
21130-82,3.5
21131-109,4.0
21132-9,3.5
21133-33,2.5
21134-9,3.5
21135-16,2.5
21136-1,4.0
21138-2,4.0
21140-19,6.5
21141-9,4.0
21143-10,4.5
21144-160,4.0
21146-187,3.5
21147-9,5.5
21149-27,3.5
21152-25,4.0
21153-5,7.5
21154-8,6.5
21156-5,4.0
21157-6,3.5
21160-4,9.0
21161-16,6.5
21162-30,6.5
21163-21,5.0
21164-83,4.0
21166-1,5.5
21167-33,3.5
21172-11,4.0
21173-25,3.5
21178-8,5.0
21180-16,5.0
21181-10,4.0
21182-8,3.5
21183-1,3.5
21184-1,3.0
21188-38,6.0
21189-9,10.5
21190-4,3.0
21191-24,4.5
21193-1,3.5
21194-39,5.5
21196-29,4.5
21203-14,2.5
21204-70,5.0
21206-218,8.5
21207-1,3.0
21208-163,2.5
21210-33,4.5
21217-20,5.0
21219-7,2.0
21220-11,10.0
21221-67,3.5
21227-18,3.5
21229-5,3.0
21231-3,5.0
21232-39,4.0
21234-7,8.5
21235-11,5.5
21236-12,5.0
21237-24,7.5
21238-40,5.0
21239-31,5.5
21240-6,5.0
21241-1,5.5
21244-57,3.0
21247-16,7.5
21249-115,5.5
21255-2,7.5
21260-74,6.0
21269-198,5.5
21271-53,6.5
21272-100,9.0
21276-11,4.0
21280-13,3.0
21281-13,8.5
21282-21,3.5
21286-29,6.5
21289-36,3.0
21290-66,8.5
21306-7,4.0
21308-44,4.5
21310-37,3.0
21311-22,6.5
21314-11,6.5
21317-25,3.0
21319-196,4.5
21321-2,2.0
21322-60,4.5
21323-2,6.0
21326-28,5.0
21327-12,3.0
21328-2,3.5
21329-66,3.5
21330-13,7.5
21331-19,4.5
21338-44,3.5
21339-19,2.5
21340-38,4.5
21341-19,3.5
21342-25,3.0
21343-3,9.0
21344-31,6.5
21345-93,3.0
21346-71,4.0
21348-22,4.0
21349-2,5.5
21350-29,5.0
21351-8,4.0
21354-92,2.5
21355-4,15.5
21356-6,4.5
21357-12,8.5
21359-17,6.5
21360-27,3.5
21361-8,5.5
21365-5,4.5
21366-7,4.0
21367-63,4.5
21368-46,15.5
21369-15,9.0
21370-45,4.0
21371-12,4.0
21373-8,5.5
21375-34,5.0
21378-7,8.0
21379-30,3.0
21380-77,3.0
21381-73,4.0
21382-70,5.5
21383-37,7.5
21384-2,7.0
21385-5,8.5
21387-64,7.0
21389-32,12.0
21390-68,4.0
21391-17,2.0
21392-15,4.0
21393-62,5.5
21395-23,4.5
21397-21,8.0
21403-39,5.0
21406-25,4.0
21415-212,55.0
21426-88,75.0
21429-50,4.0
21430-4,4.5
21433-3,9.0
21435-143,3.5
21436-56,3.5
21437-77,6.5
21438-45,5.5
21439-37,4.0
21440-9,2.5
21441-20,4.0
21444-40,15.5
21445-40,6.0
21450-333,5.5
21452-3,8.5
21457-141,5.5
21464-2,38.0
21475-137,4.0
21476-43,4.5
21477-105,4.5
21478-20,5.5
21480-2,4.5
21483-155,6.0
21487-20,2.5
21491-7,6.0
21492-19,3.5
21495-134,5.0
21497-32,3.5
21498-3,2.5
21499-17,2.0
21501-30,6.5
21503-12,3.5
21504-41,8.0
21507-48,5.0
21508-7,3.5
21509-29,2.5
21510-24,5.5
21512-6,3.5
21513-1,3.0
21514-1,4.5
21515-61,3.5
21521-17,3.0
21523-71,9.0
21524-14,3.5
21526-88,3.5
21528-12,3.0
21529-6,3.5
21533-51,3.5
21535-5,13.0
21536-65,3.0
21537-33,5.5
21539-139,4.5
21540-73,9.0
21544-4,3.0
21545-51,3.0
21546-20,3.0
21547-6,4.0
21548-20,3.5
21549-144,2.5
21552-9,8.5
21555-17,5.0
21562-3,9.0
21563-3,7.0
21567-214,3.5
21569-49,2.5
21572-91,3.0
21574-106,20.0
21577-35,3.5
21579-35,4.0
21581-87,6.0
21583-14,5.0
21588-4,2.5
21589-80,3.5
21590-9,6.0
21592-8,3.5
21595-8,8.0
21599-6,3.5
21600-10,9.5
21604-2,3.5
21614-2,3.0
21624-64,3.5
21628-6,2.5
21636-63,10.5
21638-5,5.0
21643-8,5.0
21645-6,6.0
21647-9,4.0
21649-12,3.5
21651-9,6.0
21653-205,12.0
21655-18,3.5
21658-15,2.5
21660-4,4.0
21661-82,6.0
21662-121,3.5
21663-149,9.0
21664-6,3.0
21667-57,3.0
21670-52,6.0
21674-132,3.5
21676-17,7.0
21679-16,6.0
21681-10,4.5
21685-29,6.0
21687-3,3.0
21688-50,4.0
21690-31,4.5
21691-27,3.5
21692-12,3.5
21693-14,17.0
21696-80,4.5
21697-57,4.5
21698-11,5.0
21703-31,25.0
21704-8,5.0
21705-33,4.0
21706-29,3.5
21707-15,4.0
21708-149,4.0
2171-12,10.0
21710-16,4.5
21711-86,3.0
21713-11,2.5
21715-40,3.5
21716-29,3.5
21717-44,4.5
21718-150,4.0
21720-13,4.0
21721-6,3.0
21722-21,6.5
21724-22,3.0
21726-73,2.5
21727-15,4.0
21728-4,4.0
21730-56,3.5
21732-78,3.5
21733-11,3.5
21734-36,4.0
21736-60,4.5
21737-20,4.5
21739-7,4.5
21740-26,2.0
21742-43,5.0
21743-1,6.0
21746-13,4.0
21747-114,6.0
21747-8,4.0
21748-36,6.0
21750-25,4.0
21751-6,14.5
21752-10,8.0
21754-5,2.5
21755-27,4.5
21756-5,5.5
21757-49,4.0
21758-65,3.0
21759-23,4.0
21760-22,6.0
21761-213,4.0
21762-32,5.5
21763-46,5.5
21764-99,3.5
21765-10,5.0
21766-50,5.5
21767-129,5.5
21768-9,3.0
21769-10,5.0
21770-18,4.0
21771-47,4.0
2178-55,2.0
21780-15,5.5
21781-9,7.5
21786-25,7.5
21793-4,9.5
21796-43,6.0
21797-4,8.0
21799-15,12.5
21802-53,7.5
21804-15,14.0
21810-50,9.5
21811-20,4.5
21813-171,4.0
21814-13,6.5
21815-7,4.5
21817-5,14.0
21819-9,7.5
2182-54,10.0
21821-9,4.0
21823-5,7.5
21827-7,6.5
21828-6,9.5
21829-8,11.0
21832-31,3.0
21833-6,9.5
21834-8,10.5
21836-9,5.0
21837-3,5.0
21839-3,7.5
21848-18,18.0
21849-2,13.0
21853-3,11.5
21856-59,8.0
21857-26,5.5
21858-25,3.5
21861-8,9.0
21862-145,6.0
21863-11,4.5
21864-20,12.0
21875-31,4.0
21876-266,3.5
21883-17,8.0
21885-196,4.5
21887-2,3.5
21889-2,2.0
21891-31,4.0
21895-36,3.5
21897-4,2.5
21899-36,5.5
2190-55,6.0
21901-14,8.5
21903-6,4.0
21905-10,3.0
21909-10,3.0
21909-2,5.0
21911-17,4.0
21913-5,8.0
21915-2,6.0
21916-82,4.0
2192-63,2.5
21923-24,5.5
21925-15,4.5
21926-24,12.5
21929-53,7.5
21931-16,3.5
21931-27,3.5
21933-7,8.0
21935-16,3.5
21939-6,4.5
2194-91,3.0
21940-12,3.0
21942-14,3.5
21943-170,5.5
21945-4,6.5
21946-79,3.5
21949-4,5.0
21951-32,4.5
21955-36,5.0
21957-12,4.5
21958-4,5.5
21961-14,5.0
21963-48,9.5
21967-20,4.5
21969-5,12.5
21971-47,7.0
21975-22,17.0
21976-4,5.5
21979-12,3.0
21979-8,3.0
21981-2,3.5
21985-61,3.5
21987-76,3.5
21989-12,7.0
21991-79,12.0
21995-20,4.5
21996-28,3.5
21999-61,3.5
22001-23,3.0
22003-4,7.5
22005-8,5.0
22007-1,12.5
22009-1,3.0
2201-17,6.0
22010-36,7.0
22013-6,8.5
22015-2,3.5
22019-21,7.0
22023-3,4.0
22027-13,4.0
22033-32,4.5
22033-7,4.5
22034-61,5.0
22037-47,7.0
22041-26,6.0
22043-174,4.5
22045-8,4.0
22047-46,3.5
22049-24,12.5
22050-19,1.5
22055-31,3.5
22057-9,8.5
22059-56,6.0
22063-20,2.5
22065-32,4.5
22068-5,6.0
22070-5,2.5
22071-38,3.5
22073-47,6.0
22074-35,3.0
22075-16,4.0
22076-34,3.5
22077-46,3.5
22078-4,3.0
22080-22,14.5
22082-25,4.5
22083-60,4.0
22085-86,3.5
22086-2,4.0
22088-3,3.0
22089-13,2.5
22091-14,4.0
22092-43,4.0
22094-15,8.0
22095-29,5.5
22098-10,3.0
22099-1,4.0
22103-25,3.0
22104-39,3.5
2211-9,4.0
22112-30,3.5
22113-2,5.5
22114-4,3.5
22115-2,2.5
22116-9,4.0
22118-7,5.0
22119-18,2.5
2212-69,12.0
22120-4,3.0
22121-43,5.0
22123-15,3.0
22124-94,4.5
22125-9,3.5
22128-8,3.5
22129-55,3.0
22134-1,5.5
22136-9,3.5
22137-3,3.0
22140-6,3.5
22141-59,5.5
22142-4,2.5
22143-6,4.5
22144-65,5.0
22146-20,3.5
22147-19,4.0
22148-135,7.0
22149-2,2.5
22150-2,2.5
22151-48,5.0
22152-162,3.0
22154-37,7.5
22155-44,15.0
2229-54,1.5
22363-31,3.0
22365-52,3.5
22367-17,2.5
22369-12,3.5
22371-46,21.0
22374-56,6.5
22375-15,6.0
22376-95,6.5
22377-27,4.0
22378-2,2.5
22381-1,6.0
22383-21,5.5
22385-2,3.0
22386-11,5.0
22387-26,5.0
22391-34,4.0
22392-5,3.0
22393-130,4.5
22394-8,4.5
22395-7,5.0
22397-2,4.0
22398-5,4.0
22401-26,3.5
22402-12,7.5
22403-13,8.5
22404-4,4.5
22405-61,5.5
22414-127,3.0
22417-10,4.0
22421-79,3.5
22429-13,3.0
22430-15,4.5
22431-164,3.5
22432-83,4.0
22445-2,3.5
22465-43,14.5
22466-27,4.5
22467-94,7.5
22468-54,9.0
22469-103,2.5
2247-20,3.5
22472-4,32.0
22474-28,12.0
22476-115,7.0
22479-64,5.0
22481-15,3.5
22482-87,11.5
22483-109,3.5
22484-17,12.0
22485-1,3.0
22486-58,4.0
22488-17,7.0
2249-25,2.0
22490-16,4.0
22491-10,3.5
22492-108,4.0
22496-21,5.5
22499-15,14.5
22500-9,5.5
22503-24,2.0
22504-3,4.5
22505-24,3.5
22506-25,3.5
22508-2,2.5
22509-9,3.0
22510-6,3.0
22511-28,3.5
22512-18,6.0
22514-12,4.5
22516-30,11.5
22517-106,9.5
22518-54,20.0
22521-13,3.5
22523-4,3.5
22525-9,3.5
22526-81,4.5
22527-4,6.0
22528-1,3.5
22529-31,3.5
22530-111,4.0
22531-44,4.5
22532-59,22.0
22533-95,5.0
22534-14,2.5
22536-1,4.5
22537-5,9.0
22540-129,6.5
22541-46,3.5
22544-10,5.0
22545-20,16.5
22547-17,5.0
22548-18,19.5
22549-73,13.5
22553-4,6.0
22554-101,7.0
22557-68,5.5
22560-1,25.0
22561-3,4.0
22563-4,4.0
22564-5,4.5
22566-53,9.5
22568-7,3.5
22569-55,6.0
22572-19,7.5
22576-1,4.0
22576-2,10.0
22577-24,8.5
22578-17,3.5
22579-93,5.0
22580-29,4.5
22583-47,6.0
22584-2,3.5
22585-5,4.0
22586-24,4.5
22587-37,5.5
22588-35,5.0
22589-3,7.5
22590-68,3.5
22591-4,4.0
2273-34,1.5
22770-22,4.0
22771-6,10.5
22772-125,5.0
22773-69,3.5
22774-20,3.5
22776-40,46.0
22777-46,4.0
22779-75,4.0
2278-61,7.0
22782-80,9.0
22783-40,4.5
22784-4,3.5
22786-57,4.0
22787-39,3.5
22788-10,3.0
22792-21,9.0
22793-110,3.0
22795-17,3.5
22796-17,4.0
22797-20,3.5
22798-111,23.0
22799-17,3.5
22800-24,4.0
22801-83,6.5
22802-13,4.0
22805-18,17.0
22806-1,3.5
22808-59,4.0
22809-32,6.0
22810-41,5.5
22811-5,3.5
22812-4,3.5
22813-5,7.5
22814-1,3.0
22815-4,4.5
22816-4,4.5
22817-126,4.0
22818-4,7.0
22821-50,6.5
22824-53,7.0
22826-2,5.0
22831-11,3.5
22832-9,7.5
22833-74,8.0
22834-21,3.5
22838-39,3.0
22839-23,4.0
22841-16,7.0
22842-85,5.5
22844-4,4.0
22845-3,3.5
22847-18,4.5
22857-5,16.0
22858-3,10.0
22862-44,3.5
2288-7,2.0
22946-55,2.5
22948-13,4.5
22950-6,3.5
22952-28,2.5
22953-85,2.0
22954-10,5.5
22955-28,3.5
22958-6,3.0
22959-32,5.5
22960-8,5.5
22961-7,3.5
22963-3,3.0
22966-20,5.0
22967-15,4.0
22968-9,4.0
22969-12,3.5
22970-8,4.5
22972-26,5.5
22973-8,5.0
22974-25,7.0
22977-18,3.5
22978-13,3.0
22980-37,23.0
22981-3,3.5
22984-10,8.5
22985-160,4.0
22987-69,2.5
22989-24,4.5
22990-20,3.0
22991-9,3.5
22992-6,3.5
22993-9,5.0
23000-22,3.5
23002-27,4.5
23006-19,3.0
23007-8,5.0
23008-4,9.5
23016-24,5.5
23017-17,8.5
23018-4,4.0
23020-18,5.0
23022-5,4.0
23023-21,4.0
23024-25,4.0
23028-49,3.5
23029-3,5.5
23030-4,7.0
23031-6,4.5
23034-13,4.0
23037-37,3.5
23038-63,5.0
23039-56,4.0
2305-52,1.5
2312-13,1.5
23148-100,3.5
23152-49,3.0
23153-14,7.5
23156-146,14.5
23161-3,4.5
23162-36,3.0
23164-8,4.5
23173-3,4.0
23176-17,4.0
23178-95,3.0
23181-2,3.5
23183-6,4.5
23187-9,4.0
23200-25,4.0
23202-78,3.5
23203-3,6.0
23210-4,7.0
23212-8,5.0
23213-21,6.5
23224-11,4.5
23225-26,3.5
23226-42,13.0
23228-2,9.5
23241-27,3.5
23242-2,4.5
23243-120,5.0
23245-5,7.0
23246-67,4.0
23248-1,3.5
23250-3,3.5
23252-4,5.0
23253-5,5.5
23254-31,3.5
23255-7,7.0
23256-21,4.0
23257-14,5.0
23258-56,4.0
23259-23,36.0
23261-27,3.5
23262-11,4.0
23263-9,8.0
23264-42,3.5
23265-15,9.0
23266-62,6.0
23267-5,3.0
23268-15,3.5
23269-40,3.5
23270-14,3.5
23271-20,12.5
23272-8,4.0
23273-42,9.0
23274-27,10.0
23275-9,5.0
23276-14,4.0
23278-13,5.5
23280-9,2.5
23281-29,13.5
23282-19,4.5
23283-9,3.5
23284-5,3.5
23285-51,7.0
23286-2,4.0
23287-109,8.5
23288-28,13.5
23289-25,3.5
23290-3,4.5
23291-18,4.5
23292-1,2.5
23293-15,6.0
23294-19,9.5
23296-29,4.5
23298-148,5.5
23299-52,3.5
2330-2,5.5
23300-3,6.0
23301-2,3.5
23302-19,7.0
23303-131,44.0
23304-1,48.0
23305-38,4.5
23306-37,3.5
23307-7,4.5
23308-31,3.0
23309-11,7.0
23310-51,4.0
23311-19,4.0
23312-16,6.0
23314-46,4.0
23315-30,3.0
23317-10,4.0
23318-60,3.5
23319-6,7.0
23320-11,4.5
23321-42,9.0
23322-2,6.5
23323-25,3.0
23324-6,8.0
23325-18,4.0
23326-10,4.0
23327-1,4.0
23329-52,5.5
2333-72,8.0
23330-12,3.5
23334-21,2.0
23335-31,3.5
23336-2,8.0
23337-54,5.0
23339-46,2.5
23340-37,6.5
23341-16,4.0
23342-4,4.5
23343-6,4.5
23345-2,10.5
23349-5,5.0
23350-66,8.0
23351-59,10.5
23352-9,3.5
23354-12,5.5
23356-32,7.0
23358-42,4.0
23359-25,3.0
23361-20,4.5
23362-26,36.0
23363-41,15.0
23364-3,4.0
23365-7,2.5
23366-15,5.0
23367-8,4.5
23369-17,2.5
23370-39,5.0
23371-5,15.0
23372-112,18.5
23373-77,8.5
23374-42,4.0
23375-4,7.0
23376-56,6.5
23378-29,6.0
23379-60,3.5
23380-16,4.5
23381-8,15.5
23382-30,11.5
23384-19,5.5
23385-18,4.5
23386-38,9.0
23387-18,7.5
23389-28,4.5
23390-6,19.0
23391-20,19.0
23392-41,4.0
23393-56,4.5
23394-125,4.5
23395-5,3.5
23396-21,4.5
23398-1,5.0
23399-35,23.0
23401-3,4.5
23402-147,5.5
23403-64,3.5
23404-16,6.0
23405-33,3.5
23406-3,4.0
23407-9,8.0
23408-1,4.0
23409-83,4.5
23410-46,5.5
23411-108,3.5
23413-38,3.5
23414-12,6.0
23416-47,5.5
23418-66,15.0
23422-47,15.5
23424-4,4.0
23425-19,4.0
23426-1,3.5
23518-7,3.0
23519-91,25.0
23520-60,5.5
23521-29,5.5
23522-1,5.5
23523-14,7.5
23524-2,7.0
23525-27,3.0
23526-25,5.0
23528-199,3.5
23529-11,4.5
23530-3,14.5
23531-79,4.0
23534-27,30.0
23535-3,6.0
23536-14,2.5
23537-4,6.0
23540-3,6.0
23541-61,5.5
23542-8,5.0
23543-92,4.5
23544-10,4.0
23545-6,3.5
23546-9,3.5
23547-21,3.0
23550-10,6.0
23551-15,21.0
23553-1,4.0
23554-2,4.0
23555-11,5.0
23556-4,4.5
23557-110,4.0
23558-33,4.5
23559-10,5.5
23560-154,22.0
23561-4,3.5
23564-83,6.0
23566-6,4.0
23567-37,6.0
23568-41,4.5
23569-53,4.5
23570-87,2.5
23571-93,4.0
23572-186,4.5
23575-58,4.0
23576-46,5.0
23578-6,5.5
23579-3,3.0
2358-19,5.0
23580-2,3.5
23581-131,3.0
23584-2,4.0
23586-32,3.0
23588-9,4.0
23589-21,5.0
2359-65,3.0
23591-9,5.5
23593-14,3.0
23594-2,3.5
23595-6,5.5
23596-17,3.0
23597-11,5.0
23601-43,3.5
23602-35,3.0
23605-3,4.5
23606-18,7.5
23607-1,9.5
23611-16,3.5
23615-4,6.0
23616-4,18.5
23617-15,3.5
23618-23,3.5
23619-235,4.5
23620-16,3.5
23621-326,5.0
23622-128,5.0
23623-48,9.5
23624-34,3.0
23625-44,2.5
23627-3,4.5
23629-4,4.5
23631-1,5.5
23632-22,4.0
23637-55,4.5
23638-3,2.5
23639-93,2.5
23640-10,9.0
23643-22,9.0
23644-19,5.5
23645-49,8.5
23646-5,3.0
23648-36,4.5
23649-6,3.0
23650-2,4.5
23652-15,3.0
23654-6,6.0
23656-9,36.0
23657-102,4.5
23658-1,2.0
23659-2,6.5
23660-112,4.0
23661-61,4.0
23662-10,4.5
23663-28,6.5
23664-17,9.5
23665-35,3.0
23666-35,2.5
23668-281,8.0
23669-20,5.5
23670-11,4.5
23671-11,4.0
23672-10,4.0
23673-9,7.0
23675-16,8.5
23677-30,11.5
23678-132,3.5
23679-43,3.0
23680-1,8.0
23682-79,4.0
23683-79,5.0
23685-132,4.5
23686-44,2.5
23687-27,4.0
23689-52,6.0
23690-228,2.5
23691-2,4.0
23692-19,14.0
23693-4,4.0
23694-3,13.0
23695-1,3.5
23696-256,6.5
23699-61,3.5
23700-42,4.0
23702-98,3.5
23703-8,6.5
23704-11,10.5
23705-42,8.0
23706-13,9.5
23767-1,7.0
23771-17,3.5
23783-22,13.5
2381-52,3.5
23903-3,5.5
23915-18,7.5
23923-26,6.0
23929-159,3.0
23949-12,34.0
23967-8,5.0
23981-172,5.0
24011-27,4.5
24013-6,3.5
24023-35,4.0
24027-32,3.5
24050-26,4.5
24055-44,20.0
24111-10,4.5
24179-48,6.0
2418-55,12.5
24201-86,4.0
2421-7,4.5
24211-25,8.0
24215-8,5.0
24216-30,4.5
24217-2,4.0
24221-3,10.5
24222-10,3.5
24223-5,5.5
24226-30,5.5
24235-2,13.0
24236-46,3.0
24237-115,4.5
24244-81,5.0
24245-2,6.5
24247-13,8.0
24251-44,5.5
24252-85,4.5
24253-5,3.0
24255-38,5.5
24256-7,3.0
24259-24,4.5
24260-4,4.0
24261-202,3.5
24263-6,4.5
24265-6,3.5
24266-2,2.5
24267-24,5.5
24268-21,4.0
24271-9,5.5
24273-43,3.5
24276-171,4.5
24277-22,6.0
24278-4,4.5
24279-30,5.0
24286-48,6.0
24289-1,4.0
2429-27,16.5
24290-5,3.0
24293-39,7.0
24294-13,4.5
24299-1,6.0
2430-52,5.5
24304-3,2.0
24307-22,8.0
24309-14,4.5
2431-17,3.5
24314-9,5.5
24316-10,5.0
24318-13,7.0
24319-19,4.0
24320-3,3.5
24321-67,3.0
24322-1,3.5
24323-43,3.5
2436-49,4.0
24407-31,8.0
24408-30,6.0
24409-2,3.5
2441-2,3.0
24411-144,6.0
24412-1,5.5
24413-96,3.0
24414-3,7.5
24416-20,2.5
24417-22,5.0
24418-14,4.5
24419-3,3.0
24420-57,3.0
24422-36,5.0
24423-9,5.5
24424-25,2.5
24425-8,6.5
24426-15,6.0
24426-191,3.0
24427-33,5.5
24428-76,5.0
2443-10,10.0
24430-11,3.0
24431-32,3.0
24432-3,5.0
24434-16,3.5
24435-1,6.0
24436-23,6.5
24437-6,4.0
24440-11,5.5
24441-7,3.0
24443-8,2.5
24444-10,5.0
24445-38,4.5
24446-65,9.5
24447-26,4.5
24449-11,4.0
24450-96,2.0
24453-75,4.5
24454-27,5.0
24455-2,2.5
24456-3,4.5
24457-12,8.0
24459-15,7.0
24462-4,4.0
24463-1,2.5
24465-28,3.0
24468-36,2.5
24469-10,4.5
2447-7,2.5
24470-20,7.0
24471-2,3.5
24472-28,6.0
24473-11,3.0
24474-12,4.5
24475-45,7.0
24476-18,4.5
24479-25,3.5
24485-32,8.0
24486-1,2.5
24487-95,3.5
24488-8,6.5
24489-34,4.0
2449-1,5.5
24490-16,4.0
24493-10,3.5
24494-67,3.5
24496-26,4.0
24497-8,4.5
24499-36,3.0
24634-1,4.5
24635-25,3.0
24636-9,5.0
24637-3,5.5
24638-3,9.0
24640-63,5.0
24641-10,7.0
24642-21,2.5
24643-21,5.0
24645-2,4.5
24646-47,4.5
24647-3,3.5
24648-8,3.5
24649-11,4.5
24651-1,3.0
24654-13,6.5
24655-23,5.0
24656-6,4.5
24658-98,3.0
24659-6,3.5
24661-4,4.5
24662-78,3.5
24664-3,3.5
24665-48,2.5
24667-27,3.0
24669-12,6.0
24670-1,6.0
24671-15,5.5
24674-22,4.0
24675-2,4.0
24676-105,2.5
24677-106,11.0
24678-10,3.5
24679-35,6.5
2468-62,3.5
24680-51,2.5
24681-2,3.0
24682-35,17.5
24683-11,2.5
24684-7,3.0
24685-12,4.0
24686-19,3.5
24687-18,7.0
24688-9,5.0
24689-9,3.5
24690-1,4.5
24693-5,4.0
24694-158,6.5
24695-8,3.0
24696-14,2.5
24697-48,5.5
24698-12,4.5
24699-20,5.0
24701-21,2.5
24702-31,3.0
24704-38,2.5
24706-73,4.0
24707-6,5.5
24708-7,3.0
24710-1,3.0
24711-21,4.0
24712-6,5.0
24713-4,4.0
24717-26,5.0
24718-8,2.5
24720-10,5.0
24721-17,5.0
24722-13,4.5
24723-58,5.5
24724-4,3.5
24725-4,12.0
2474-54,7.5
2475-1,7.0
2480-58,9.5
24891-54,3.5
24892-8,3.0
24895-25,4.0
24896-5,4.0
24898-39,9.5
24899-13,4.0
24900-46,6.5
24901-4,6.0
24902-84,4.5
24903-7,3.5
24904-121,4.0
24905-22,4.0
24907-3,4.5
24908-19,3.0
24909-40,4.5
24910-18,4.5
24911-57,7.5
24912-40,3.0
24914-10,4.0
24915-123,9.0
24917-95,6.0
24920-6,4.0
24921-73,6.5
24922-19,4.0
24923-27,3.0
24926-9,4.5
24928-20,6.0
24929-26,3.0
24931-9,4.0
24934-96,6.0
24935-62,3.0
24937-7,4.5
24938-7,3.5
24940-3,4.0
24941-14,2.5
24942-22,8.0
24944-12,4.0
24945-16,3.5
24946-9,2.5
24947-40,3.0
24948-79,3.0
24950-21,5.0
24951-3,6.0
24952-28,4.5
24953-27,3.0
24954-83,5.5
24955-116,3.5
24956-1,5.0
24957-6,4.5
24958-3,4.5
24959-20,3.5
24960-48,4.0
24962-7,3.5
24963-1,4.0
24967-4,7.5
24968-10,4.5
24970-117,4.5
24971-2,4.0
24973-11,3.0
24975-3,3.0
24977-18,10.0
24979-17,6.0
24981-8,6.0
24982-33,4.0
24983-119,7.5
2500-2,4.0
2501-51,5.5
25033-194,7.0
25036-10,5.5
25037-4,4.5
25038-5,3.5
25039-10,4.5
25041-11,5.5
25042-3,12.0
25043-74,8.0
25048-30,7.5
25049-8,6.5
2505-49,4.5
25050-82,7.0
25051-104,5.0
25052-3,4.0
25053-1,4.0
25054-15,5.5
25055-56,5.0
25057-2,8.5
25058-23,2.5
25059-18,6.0
25060-18,3.0
25061-8,4.0
25064-34,6.5
25065-22,4.5
25066-32,3.0
25068-131,13.5
25070-18,4.0
25072-11,3.5
25073-13,7.5
25074-119,9.0
25075-2,3.0
25076-2,4.0
25078-13,3.0
25080-16,3.0
25081-6,12.0
25082-3,4.0
25083-26,4.5
25085-37,7.5
25086-83,3.5
25087-11,3.0
25088-42,4.0
25089-21,5.0
25091-83,4.5
25092-32,5.5
25093-96,5.0
25094-9,4.0
25095-1,4.0
25096-58,3.5
25099-4,4.0
25100-11,4.0
25102-23,7.5
25103-45,5.5
25104-10,7.5
25105-70,5.0
25105-87,6.0
25108-6,6.0
25110-19,3.5
25111-24,8.0
25112-6,3.5
25114-256,9.0
25115-21,10.0
25116-11,3.0
25117-17,3.5
25118-45,5.0
25121-7,3.0
25123-198,4.5
25124-21,2.5
25125-7,2.5
25126-19,2.5
2513-7,1.0
2514-65,4.0
2515-14,2.5
2516-57,3.5
25209-15,3.5
25211-14,7.0
25215-1,4.5
25216-8,7.0
25217-35,6.5
25218-10,4.0
25219-17,24.0
25220-8,5.0
25225-14,5.0
25227-20,3.5
2523-31,7.5
25232-4,11.0
25233-2,4.0
25235-2,5.0
25236-11,5.0
25238-6,17.5
2524-56,10.5
25240-1,3.0
25242-12,4.5
25244-9,9.0
25245-22,5.0
25247-12,9.5
25248-28,5.0
25249-33,6.5
25251-6,19.0
25252-29,5.5
25253-17,4.5
25255-4,5.5
25256-153,6.5
25256-23,8.5
25257-162,2.5
25258-41,3.0
25259-7,4.0
25260-62,3.5
25261-42,6.5
25262-6,9.0
25263-4,9.5
25264-102,5.0
25265-8,4.0
25266-14,5.5
25267-10,11.5
25269-10,8.5
25270-3,3.5
25272-17,7.0
25273-80,12.0
25274-2,5.0
25275-30,4.5
25276-32,6.0
25277-51,5.0
25278-41,8.0
25279-44,3.0
25280-2,4.0
25281-50,7.0
25282-6,8.5
25283-2,3.5
25284-47,6.0
25285-14,5.0
25286-33,4.0
25287-7,4.0
25288-16,3.5
25291-27,6.5
25292-4,11.0
25292-6,11.0
25296-3,2.5
25297-11,8.0
25298-53,5.5
25299-11,3.5
25300-39,3.5
25301-48,3.5
25306-51,4.0
25307-8,11.5
25308-8,4.0
25409-5,4.0
25412-53,12.0
25413-80,4.5
25414-11,3.0
25416-5,3.5
25419-59,2.5
25422-58,5.5
25424-234,2.5
25428-103,3.5
25433-25,5.0
25436-44,7.5
25437-18,3.0
25438-288,4.5
25444-29,6.5
25446-34,5.0
25451-39,4.5
25452-16,5.0
25453-57,6.5
25454-38,8.0
25456-73,5.0
25459-3,5.5
25460-36,5.5
25461-3,3.5
25463-3,4.5
25464-1,4.5
25465-42,4.0
25466-84,6.0
25468-5,2.0
25472-12,4.5
25473-62,4.5
25479-8,8.5
25480-21,5.0
25481-66,10.5
25482-5,4.5
25484-120,4.0
25486-38,4.0
25488-6,5.0
25491-54,2.5
25492-7,7.5
25493-11,5.0
25497-35,16.0
25499-37,5.5
25500-6,3.5
25501-128,4.5
2558-51,3.5
2567-5,8.0
2570-72,4.5
2571-12,4.5
2573-20,6.0
2575-5,4.0
2578-67,5.5
2579-17,3.5
2580-83,3.5
2585-2,5.0
25879-6,3.0
25880-14,9.0
25886-11,3.0
25889-108,3.0
25895-29,3.0
25898-4,5.0
2590-69,5.0
25901-3,3.5
25902-27,3.5
25904-17,3.5
25906-5,3.5
25907-47,2.0
25910-1,11.0
25912-131,6.5
25913-17,3.5
25917-12,7.5
25918-60,5.0
25921-3,3.5
25922-7,6.0
25926-29,3.0
25938-13,3.5
25941-4,10.5
25947-116,4.0
25948-18,5.5
25949-3,4.5
25951-17,6.0
25954-3,2.0
25956-9,8.5
25957-5,3.0
25960-15,5.0
25962-51,8.0
25963-2,7.0
25964-12,5.5
25967-34,8.0
2597-8,4.5
2598-9,3.0
2599-51,4.0
2602-2,6.5
2603-61,9.0
2605-49,10.5
2607-54,2.5
2609-59,6.5
2611-72,4.5
2612-5,4.0
2614-28,5.0
2615-60,4.5
2616-23,5.0
2617-56,4.5
2618-10,4.5
2619-72,4.0
2620-4,4.0
2622-18,4.0
2625-53,4.0
2630-12,3.5
2631-50,5.5
2632-5,4.0
2633-52,8.0
2634-2,3.5
2635-61,9.5
2636-10,16.5
2637-77,11.0
2638-12,7.0
2640-3,10.5
2642-4,5.0
2643-57,5.5
2644-11,7.5
2645-54,3.5
2647-66,5.0
2649-77,7.5
2652-15,4.5
2654-19,6.0
2658-27,5.5
2665-26,3.5
2666-53,4.0
2668-70,6.5
2670-67,3.5
2677-1,3.5
2681-23,4.5
2682-68,12.0
2683-1,8.0
2685-21,7.0
2686-67,5.0
2687-2,3.5
2692-74,4.5
2693-20,21.0
2695-25,9.5
2696-87,4.5
2697-7,5.0
2700-56,8.0
2704-74,6.0
2705-5,4.0
2706-69,5.0
2708-54,5.0
2711-6,5.5
2714-78,9.0
2715-25,3.0
2719-3,7.0
2723-9,18.0
2728-62,8.5
2730-58,5.0
2731-29,3.5
2732-58,4.0
2734-49,3.0
2737-22,5.0
2741-22,4.0
2742-68,4.5
2743-5,5.0
2744-57,10.0
2746-56,6.0
2747-3,4.5
2748-3,5.0
2750-3,5.5
2751-16,3.5
2752-62,13.5
2753-2,10.5
2754-50,13.5
2755-8,12.0
2760-2,3.0
2761-49,4.0
2762-30,5.0
2763-66,4.0
2765-4,3.0
2768-56,5.0
2769-3,4.5
2770-51,16.0
2771-35,6.0
2773-50,4.0
2774-10,6.5
2775-54,6.5
2778-10,3.5
2780-35,7.5
2781-63,4.0
2783-18,11.0
2785-15,3.5
2788-55,8.5
2789-26,10.0
2790-54,6.5
2794-60,3.5
2796-62,7.0
2797-56,7.0
2805-6,3.5
2806-49,3.5
2809-25,3.5
2811-27,8.0
2813-11,4.5
2816-50,4.0
2819-23,3.5
2822-56,18.5
2823-7,3.5
2826-53,4.5
2827-23,15.5
2828-82,4.0
2829-19,3.5
2831-29,4.0
2833-20,8.0
2834-54,4.0
2835-1,4.0
2836-68,9.5
2837-3,5.0
2838-53,9.0
2839-2,4.5
2841-13,11.5
2843-13,4.5
2844-53,4.0
2846-24,4.5
2848-2,10.5
2849-49,7.0
2851-63,4.0
2853-68,6.0
2855-49,4.0
2857-70,5.5
2858-29,5.0
2859-69,6.0
2860-19,4.5
2864-2,6.0
2867-52,5.0
2869-68,5.0
2870-29,5.5
2871-73,20.0
2875-15,3.5
2876-74,3.5
2877-3,7.5
2878-66,5.0
2879-9,10.5
2888-49,10.5
2889-37,4.0
2890-59,6.5
2891-1,11.0
2900-53,6.5
2906-55,4.0
2911-27,5.5
2913-1,3.5
2915-6,3.5
2917-3,13.0
2925-9,4.5
2937-10,8.0
2938-55,9.5
2939-10,3.0
2942-50,4.0
2943-5,6.5
2944-66,7.0
2946-52,7.0
2948-58,3.5
2949-6,4.0
2950-57,6.5
2952-75,5.5
2953-31,4.0
2954-56,6.0
2960-66,9.5
2961-1,9.5
2962-50,3.0
2966-65,4.5
2967-8,6.0
2968-61,5.5
2969-11,6.5
2970-60,4.5
2972-57,6.0
2973-15,6.5
2974-61,6.0
2975-19,4.0
2976-58,15.0
2977-7,4.0
2979-8,3.5
2981-9,4.0
2982-82,2.5
2985-35,4.0
2986-49,4.5
2987-37,5.5
2989-17,4.0
2991-9,6.5
2992-59,6.0
2993-1,2.5
2994-71,3.5
2997-8,5.0
2998-53,3.5
2999-6,4.5
3000-66,11.0
3003-29,4.5
3004-67,6.5
3005-5,8.0
3007-7,6.0
3009-3,5.0
3010-53,3.0
3022-4,5.5
3024-18,5.0
3025-50,4.0
3026-5,2.5
3028-36,8.0
3029-52,3.0
3030-3,11.0
3032-11,4.0
3033-57,4.0
3034-1,3.0
3035-80,3.5
3037-62,8.0
3038-9,6.0
3040-59,4.0
3041-55,4.0
3042-7,9.5
3043-49,5.0
3044-3,11.5
3045-72,5.5
3046-31,8.0
3049-61,3.5
3050-7,34.0
3052-8,3.5
3053-49,3.0
3054-3,6.5
3055-54,4.5
3056-11,4.0
3057-55,11.5
3059-50,5.0
3060-43,9.5
3061-61,3.0
3065-65,4.0
3066-12,5.5
3067-67,2.5
3069-52,4.5
3070-1,4.0
3072-4,4.5
3073-51,4.5
3074-6,10.0
3077-66,7.0
3078-1,2.5
3079-62,6.5
3081-70,3.0
3082-9,4.0
3083-71,3.5
3091-70,5.5
3115-64,4.0
3122-6,4.0
3132-1,5.5
3143-3,3.0
3148-49,5.0
3151-6,5.5
3152-57,5.0
3166-92,4.5
3168-8,3.0
3169-70,3.5
3170-6,8.5
3171-57,7.0
3172-28,3.5
3173-49,4.5
3174-2,4.0
3175-51,4.5
3177-49,17.0
3178-5,4.5
3179-51,3.0
3181-50,5.0
3182-38,8.0
3184-25,8.5
3186-2,5.5
3187-52,3.0
3189-61,3.0
3191-50,4.5
3192-3,12.0
3194-36,5.0
3195-50,3.5
3196-6,3.0
3197-70,6.0
3198-4,9.5
3199-54,24.0
3200-49,5.5
3201-49,4.5
3202-28,10.0
3204-2,6.0
3206-4,7.0
3208-2,8.5
3209-69,3.5
3210-1,6.5
3212-30,3.5
3213-65,5.5
3214-3,10.5
3216-2,3.5
3217-74,5.5
3218-8,18.0
3220-40,4.0
3221-54,4.5
3222-11,4.0
3232-28,3.5
3234-23,3.5
3235-50,3.5
3236-12,8.5
3280-49,4.5
3283-21,7.5
3284-75,6.0
3285-23,12.5
3289-19,12.0
3290-50,3.5
3291-30,4.5
3292-75,5.0
3293-2,4.5
3294-55,3.0
3296-92,4.0
3298-52,3.0
3299-29,3.0
3302-58,3.0
3303-23,4.0
3305-6,5.0
3309-2,6.0
3310-62,4.5
3311-27,5.0
3312-64,4.0
3313-21,11.0
3314-74,4.0
3315-15,4.0
3316-58,6.0
3317-33,5.0
3320-49,6.0
3321-2,3.5
3322-52,5.0
3323-37,5.0
3324-51,5.5
3325-2,3.0
3326-58,5.5
3327-27,4.5
3329-14,5.5
3331-8,3.5
3332-57,3.5
3336-50,4.5
3339-33,5.0
3340-53,4.5
3341-33,5.0
3342-76,4.0
3343-1,3.5
3344-60,8.0
3346-72,10.0
3347-9,6.5
3348-49,7.5
3350-53,4.0
3351-1,8.0
3352-80,3.0
3356-50,4.5
3357-67,4.0
3358-51,19.5
3359-11,7.5
3360-50,3.5
3361-26,3.5
3362-61,6.0
3363-31,11.0
3364-76,3.5
3365-7,7.0
3366-51,5.0
3367-8,3.5
3373-5,3.5
3374-49,3.5
3376-49,2.5
3378-49,16.5
3379-29,5.0
3381-24,7.5
3387-1,12.0
3388-58,6.5
3389-7,11.5
3390-72,3.5
3391-10,17.5
3392-68,8.5
3394-81,4.0
3396-54,7.0
3397-7,4.5
3399-31,13.5
3400-49,4.0
3401-8,5.0
3403-1,8.5
3404-51,3.5
3405-6,4.5
3412-7,3.5
3413-50,3.5
3414-40,6.0
3415-61,4.0
3416-2,4.5
3418-12,12.5
3419-49,7.5
3420-21,5.0
3421-54,4.0
3422-4,3.0
3423-59,5.5
3427-63,3.0
3431-54,4.5
3432-21,5.0
3434-34,13.5
3435-53,13.0
3437-80,13.0
3438-10,4.0
3440-7,4.5
3441-64,4.5
3445-53,3.5
3446-7,3.5
3447-64,4.0
3448-13,5.5
3449-58,3.5
3450-4,14.5
3452-17,2.5
3453-87,7.0
3457-57,4.5
3459-49,4.5
3461-58,4.0
3466-8,7.0
3469-74,5.5
3470-1,5.0
3471-49,11.5
3472-40,7.5
3473-78,5.0
3474-19,6.5
3477-63,4.0
3479-71,3.0
3480-7,5.0
3481-87,7.5
3484-60,6.5
3485-28,8.0
3486-58,3.5
3487-32,3.5
3488-64,6.5
3489-9,2.5
3494-71,3.0
3495-15,5.0
3497-13,5.5
3498-53,2.5
3499-77,3.0
3503-4,8.0
3504-58,5.5
3505-6,5.0
3506-49,11.5
3507-1,4.5
3508-78,9.5
3509-1,9.0
3512-72,9.0
3514-49,3.5
3516-60,8.0
3518-54,3.5
3519-3,3.5
3520-58,5.5
3521-16,6.0
3522-57,4.0
3525-1,21.0
3525-2,15.0
3525-3,14.0
3525-4,28.0
3534-14,6.0
3535-84,5.0
3538-26,4.5
3554-24,7.0
3580-25,6.5
3581-53,7.5
3583-54,7.0
3585-54,5.5
3587-53,4.0
3591-51,5.5
3592-4,6.5
3593-72,9.0
3600-2,8.0
3601-54,4.0
3603-60,4.0
3605-77,6.0
3607-71,5.0
3611-70,3.5
3613-62,5.5
3616-3,6.0
3617-80,3.5
3620-67,5.5
3622-33,5.0
3623-84,4.0
3624-3,7.0
3627-71,4.5
3628-3,4.5
3629-60,8.0
3630-27,5.0
3633-70,5.5
3634-5,12.5
3635-76,3.0
3636-37,5.5
3640-14,4.0
3642-4,4.0
3644-5,9.0
3646-7,4.5
3647-49,6.0
3650-8,23.0
3651-50,3.0
3654-27,5.5
3666-17,7.5
3676-15,4.0
3681-87,13.0
3684-78,4.0
3685-53,4.5
3708-62,6.0
3709-4,3.0
3710-49,7.0
3714-49,4.0
3717-23,3.5
3719-2,4.5
3721-5,5.0
3723-1,3.5
3724-64,5.0
3727-35,5.5
3728-52,3.5
3730-81,4.5
3736-60,4.5
3738-54,3.5
3739-72,7.0
3741-4,7.5
3742-78,5.0
3758-63,5.0
3758-68,3.5
3761-4,3.0
3766-51,4.0
3773-15,4.5
3795-6,5.0
3796-79,5.0
3797-1,5.0
3798-71,5.5
3799-11,4.0
3800-71,3.0
3803-10,5.5
3805-16,3.5
3806-55,6.0
3807-1,5.5
3808-76,3.5
3809-1,3.5
3810-50,5.0
3813-3,7.0
3814-63,5.5
3815-14,3.5
3817-18,5.0
3820-68,4.0
3821-28,3.5
3822-54,5.5
3823-9,6.0
3825-18,3.5
3827-22,9.5
3828-54,4.5
3831-21,4.5
3832-51,3.5
3835-11,3.0
3836-51,4.0
3837-6,9.5
3839-60,5.5
3844-2,10.5
3845-51,7.5
3847-56,3.5
3848-14,9.5
3849-56,5.5
3852-19,6.0
3853-56,4.0
3854-24,5.0
3855-56,8.5
3858-5,4.5
3859-50,3.5
3860-7,4.5
3864-5,4.5
3866-7,6.0
3867-49,5.5
3868-8,5.0
3872-2,5.0
3873-51,12.0
3874-8,4.0
3875-62,5.5
3879-50,9.0
3881-49,5.0
3887-90,7.5
3888-8,6.0
3889-64,3.5
3890-8,5.5
3891-56,3.0
3892-21,4.0
3893-64,4.5
3894-15,3.5
3896-5,6.5
3897-61,6.0
3898-5,4.0
3902-21,5.5
3903-49,5.0
3905-62,10.0
4122-12,3.5
4123-60,3.5
4124-24,4.0
4125-52,6.0
4126-22,4.0
4127-75,9.0
4128-27,4.0
4129-72,4.5
4130-71,4.0
4131-72,16.0
4132-27,3.0
4133-54,4.5
4135-84,9.0
4136-40,3.5
4137-57,4.5
4138-25,3.5
4139-71,4.5
4140-3,3.0
4141-79,4.5
4143-74,3.0
4144-13,3.5
4145-58,5.5
4146-58,4.0
4148-49,3.0
4149-8,10.0
4150-75,8.0
4151-6,5.5
4152-58,6.5
4153-11,5.5
4154-57,5.5
4155-3,3.0
4156-74,4.5
4157-2,4.5
4158-54,3.0
4159-130,7.5
4160-49,4.0
4162-54,10.0
4163-5,5.0
4179-57,8.5
4184-43,4.0
4187-49,4.5
4188-1,6.0
4192-10,4.5
4194-26,4.5
4203-50,7.0
4209-60,4.0
4212-5,3.5
4217-49,7.0
4220-39,6.0
4224-7,17.5
4230-1,11.0
4232-19,9.0
4234-8,5.0
4237-70,3.5
4238-4,3.5
4240-31,8.5
4245-80,3.5
4246-40,11.0
4249-64,7.5
4250-23,5.0
4254-6,4.0
4258-15,6.5
4261-55,4.0
4267-81,6.0
4271-75,3.5
4272-46,5.0
4276-10,4.0
4278-14,5.5
4280-47,5.5
4282-3,5.5
4284-18,4.5
4292-5,3.5
4294-16,5.0
4297-62,4.0
4301-58,10.5
4304-18,3.5
4306-4,5.0
4309-59,4.0
4314-12,4.5
4318-12,4.5
4322-28,4.0
4324-33,5.0
4328-2,4.0
4330-4,4.0
4332-6,6.0
4336-2,6.5
4337-49,7.5
4342-10,6.0
4355-13,7.0
4359-87,9.0
4374-45,10.0
4383-97,6.0
4389-2,4.0
4392-54,3.5
4393-3,4.5
4394-71,5.0
4396-54,4.5
4397-26,5.5
4407-10,5.5
4413-3,6.0
4414-69,4.5
4420-7,3.0
4423-77,16.5
4428-1,3.5
4429-51,4.5
4430-44,3.0
4435-66,4.5
4436-1,18.0
4437-56,4.5
4440-15,3.0
4450-26,4.0
4452-9,4.0
4453-83,4.0
4455-89,5.0
4459-68,4.0
4460-8,4.0
4464-10,4.5
4467-49,4.0
4468-21,5.0
4469-78,3.5
4471-50,11.5
4472-5,26.0
4474-19,12.5
4476-22,30.0
4479-14,3.0
4480-59,13.5
4481-34,9.5
4482-66,5.5
4487-1,5.0
4491-4,2.5
4493-92,4.0
4496-60,5.0
4498-62,4.0
4499-21,7.0
4500-50,4.0
4533-76,4.5
4534-10,5.0
4535-50,5.0
4540-11,9.5
4541-49,4.0
4542-24,6.5
4543-65,3.5
4544-4,5.5
4545-53,3.0
4546-27,5.0
4547-59,3.0
4548-4,3.5
4549-78,4.5
4551-72,8.5
4553-65,4.0
4556-10,17.0
4557-61,3.5
4559-64,5.0
4560-34,3.5
4562-1,7.5
4563-61,7.0
4564-2,4.5
4566-24,4.0
4567-82,4.5
4568-17,3.5
4569-52,4.5
4584-5,5.5
4588-1,2.5
4594-22,3.5
4666-193,5.0
4666-194,6.5
4666-195,9.5
4666-199,5.0
4666-200,6.0
4666-202,13.5
4666-205,5.0
4666-206,9.5
4666-212,11.5
4666-213,6.5
4666-214,14.5
4666-218,16.5
4666-219,24.0
4666-220,12.5
4666-222,21.0
4666-223,13.5
4666-224,22.0
4666-225,4.5
4666-230,5.5
4666-232,4.5
4666-236,4.5
4673-13,4.5
4693-72,3.5
4696-2,5.0
4697-59,4.5
4703-87,3.5
4706-17,5.0
4707-50,5.5
4708-3,8.5
4712-28,10.5
4717-55,7.0
4718-5,4.5
4719-58,6.5
4721-54,4.5
4763-31,3.5
4769-10,5.0
4771-10,6.0
4775-34,6.0
4785-30,3.0
4792-51,5.0
4801-13,3.5
4807-13,3.5
4811-33,6.5
4815-25,2.5
4829-43,4.0
4831-4,5.5
4832-75,6.5
4834-61,7.0
4840-73,5.5
4842-62,5.0
4851-25,3.5
4859-6,4.0
4862-63,4.0
4866-59,6.0
4867-15,3.5
4874-3,6.5
4876-32,4.5
4878-3,6.0
4880-21,3.5
4883-56,5.5
4886-3,4.0
4889-82,5.0
4890-10,4.0
4891-50,4.0
4900-8,11.0
4903-72,8.0
4904-7,5.5
4905-63,3.0
4906-35,11.5
4907-56,5.5
4908-6,6.5
4909-68,4.5
4910-21,6.0
4911-49,8.0
4912-17,7.5
4913-78,5.0
4914-10,4.5
4915-64,13.0
4916-2,4.0
4917-62,3.0
4918-21,9.5
4920-10,7.0
4922-13,3.5
4923-79,3.5
4924-32,7.0
4925-54,5.0
4929-55,6.0
4930-21,3.5
4931-59,2.5
4956-2,3.5
4959-2,2.5
4960-72,6.0
4961-17,9.5
4962-52,3.5
4963-19,4.5
4964-67,4.0
4965-27,13.0
4967-1,3.5
4968-50,6.0
4969-2,3.5
4970-55,4.5
4971-1,3.5
4973-18,4.0
4976-57,4.5
4978-54,4.5
4979-34,5.5
4981-6,4.0
4982-54,4.0
4983-6,6.5
4984-83,4.0
4985-11,3.0
4986-59,4.5
4987-17,4.0
4988-49,5.5
4989-7,5.5
4990-87,3.0
4991-12,3.5
4992-49,3.5
4993-16,6.5
4995-16,3.0
4996-66,7.0
4997-19,3.5
5000-52,7.0
5001-6,7.5
5002-76,4.5
5004-69,4.5
5005-4,4.0
5006-71,3.5
5007-1,3.5
5008-51,6.5
5009-11,5.0
5011-11,8.5
5012-67,4.0
5013-2,7.5
5014-49,3.0
5015-15,3.5
5017-19,3.0
5018-68,6.5
5019-16,7.5
5020-50,4.0
5021-13,3.0
5023-23,6.5
5024-67,6.0
5026-66,4.0
5028-59,4.0
5029-3,3.5
5030-52,6.5
5031-10,5.5
5032-64,5.5
5033-27,4.0
5034-79,5.0
5035-7,4.5
5036-50,4.0
5060-62,3.5
5061-27,5.5
5062-60,3.0
5063-12,4.5
5065-8,9.0
5066-134,4.0
5069-9,5.0
5070-76,5.0
5076-53,7.0
5078-82,3.0
5080-131,3.5
5082-51,4.0
5084-154,5.0
5085-18,4.5
5087-5,4.0
5088-175,5.0
5089-11,4.0
5090-49,5.0
5091-28,3.5
5092-51,7.0
5093-47,5.0
5094-62,3.0
5095-21,4.0
5096-51,5.5
5097-14,6.0
5098-79,3.5
5099-14,4.5
5100-53,5.5
5102-55,5.0
5103-30,2.5
5104-57,3.0
5105-2,3.5
5106-52,4.5
5107-7,4.0
5108-72,6.5
5109-24,4.5
5110-84,3.5
5111-15,3.5
5112-73,3.5
5114-65,4.5
5115-31,5.5
5116-62,3.5
5117-14,6.5
5121-3,6.0
5122-92,6.5
5124-62,4.0
5124-69,4.0
5125-6,8.5
5128-53,4.0
5129-12,5.0
5131-15,4.5
5132-71,7.0
5133-17,4.5
5134-52,5.5
5138-50,4.5
5139-32,21.0
5140-56,5.5
5178-5,2.5
5183-53,4.5
5193-51,3.5
5196-7,3.5
5201-50,4.0
5202-4,7.5
5204-13,3.5
5223-59,3.0
5224-20,9.0
5225-50,8.0
5226-36,9.0
5227-60,15.5
5228-25,4.5
5229-90,5.0
5230-99,5.0
5231-79,6.5
5236-2,4.5
5238-26,5.0
5242-37,4.5
5245-40,6.0
5246-64,26.0
5248-68,10.0
5249-31,14.0
5250-53,6.5
5252-33,5.0
5253-1,6.5
5254-69,4.0
5255-22,6.0
5256-86,6.0
5259-2,7.0
5260-80,4.0
5261-13,4.5
5262-57,6.5
5264-65,3.5
5265-12,3.5
5268-49,3.5
5272-55,6.0
5275-28,7.0
5280-68,3.0
5301-7,5.0
5307-12,4.0
5312-49,6.5
5315-22,4.0
5316-54,12.0
5335-73,6.5
5337-64,4.0
5339-49,4.5
5340-24,3.0
5343-74,10.5
5345-51,9.0
5346-24,8.0
5347-59,3.5
5349-69,2.5
5350-14,4.0
5351-52,4.0
5352-11,2.5
5353-89,3.0
5354-11,5.0
5355-69,3.0
5356-2,3.0
5357-60,2.5
5358-3,3.5
5359-65,2.5
5360-9,7.5
5363-51,3.5
5364-7,4.5
5383-14,4.0
5384-67,7.0
5392-73,8.0
5400-52,3.5
5404-53,4.0
5410-53,10.0
5412-53,7.5
5424-55,2.0
5430-66,4.5
5437-63,5.0
5440-26,4.5
5441-67,3.0
5443-62,5.5
5451-1,3.5
5452-71,3.0
5456-59,6.0
5457-5,5.0
5459-33,7.0
5460-60,4.5
5462-62,5.5
5463-22,3.5
5464-52,9.0
5465-32,3.5
5467-15,5.5
5468-67,3.5
5475-10,9.5
5476-66,6.0
5478-50,4.5
5480-49,8.0
5481-16,7.5
5483-1,2.5
5484-63,3.5
5486-73,7.0
5487-7,2.5
5488-74,9.5
5489-18,10.0
5490-53,3.5
5491-12,6.0
5493-17,8.0
5494-52,3.5
5496-49,3.0
5508-62,10.5
5509-7,9.5
5526-53,5.0
5532-53,5.5
5534-49,3.5
5542-22,5.5
5581-28,6.5
5583-62,3.0
5584-21,4.0
5586-66,4.0
5587-3,2.5
5590-11,3.0
5593-11,10.0
5594-87,2.5
5596-75,6.5
5598-3,4.5
5599-88,3.5
5601-2,6.0
5602-62,3.5
5604-30,3.5
5605-77,6.0
5606-24,3.5
5609-92,3.5
5610-32,3.5
5611-56,3.5
5612-16,4.5
5613-75,3.0
5614-44,2.5
5615-62,5.5
5617-41,2.5
5618-50,11.0
5620-13,3.5
5621-64,3.0
5623-11,3.0
5624-66,3.0
5626-20,4.5
5627-53,7.5
5628-21,2.5
5629-58,4.0
5630-48,6.0
5631-83,4.5
5632-6,6.0
5633-65,6.0
5634-39,4.0
5635-66,3.5
5636-10,3.0
5637-81,4.0
5638-23,3.5
5639-49,4.5
5643-2,3.0
5644-60,6.0
5646-20,6.0
5648-28,4.0
5649-83,4.5
5650-9,5.5
5651-50,4.5
5653-23,5.5
5654-70,3.0
5656-53,4.0
5657-28,4.0
5658-64,6.5
5659-11,2.5
5660-51,4.0
5661-15,4.0
5663-18,3.5
5664-57,7.0
5666-64,2.5
5667-3,3.0
5668-49,6.0
5669-26,4.5
5671-1,7.0
5675-6,2.5
5676-54,4.0
5677-15,5.0
5679-16,4.0
5680-54,4.5
5682-13,5.5
5687-5,6.5
5688-65,3.0
5689-1,6.5
5690-49,14.0
5691-2,4.5
5692-79,3.5
5693-6,3.0
5694-57,7.5
5695-5,4.5
5698-60,4.0
5699-19,6.0
5701-81,4.0
5703-26,3.0
5704-74,3.5
5707-55,6.0
5708-1,6.5
5713-9,4.5
5714-88,3.5
5715-4,6.0
5716-49,5.0
5717-2,5.5
5719-66,3.0
5721-1,4.0
5722-78,4.0
5723-4,9.0
5724-58,3.0
5725-1,7.0
5726-49,9.5
5727-35,3.0
5728-60,3.5
5729-27,3.5
5730-60,2.5
5731-1,3.0
5733-61,3.5
5734-13,3.0
5735-54,3.0
5736-1,3.5
5737-61,3.5
5738-25,3.0
5739-75,9.5
5740-17,7.5
5741-55,5.0
5742-14,10.0
5743-82,4.0
5744-12,4.0
5745-64,6.0
5746-37,4.5
5747-67,3.0
5748-20,4.5
5749-53,5.0
5751-14,6.0
5752-63,4.0
5753-21,25.0
5754-76,3.0
5755-29,3.0
5756-66,4.5
5757-45,4.0
5758-49,3.5
5759-10,4.0
5762-35,3.5
5763-67,4.0
5764-4,2.5
5765-53,8.5
5792-8,6.0
5798-3,4.0
5801-72,5.0
5803-24,8.5
5807-77,3.0
5810-25,4.5
5813-58,4.0
5822-22,3.0
5825-49,4.0
5834-18,2.5
5837-49,4.0
5843-60,3.5
5846-24,5.5
5852-6,5.0
5854-60,4.0
5858-6,9.0
5861-78,6.5
5864-10,6.0
5867-60,3.0
5870-23,5.0
5879-51,3.5
5882-34,4.5
5885-55,8.5
5888-29,4.5
5897-58,3.5
5900-11,4.0
5903-91,5.0
5909-51,4.0
5915-58,4.5
5918-5,5.0
5927-4,4.5
5930-54,3.0
5934-1,4.5
5936-53,2.5
5939-42,3.5
5947-90,4.0
5954-62,7.0
5957-30,5.0
5960-49,5.0
5963-9,3.5
5970-61,5.0
5980-55,4.0
5981-6,6.0
5982-50,6.0
5988-49,9.5
5992-50,5.0
6003-28,6.0
6019-12,11.5
6020-52,12.0
6022-57,5.5
6024-68,3.5
6027-31,2.5
6035-2,4.5
6036-78,4.0
6037-6,9.5
6039-24,4.0
6042-52,7.0
6048-4,4.0
6049-64,7.0
6054-6,4.0
6055-53,8.0
6060-2,8.5
6064-4,16.0
6069-71,4.0
6070-11,2.5
6075-61,4.0
6077-63,4.5
6079-59,3.5
6081-52,3.5
6086-15,5.0
6102-2,6.0
6103-70,4.0
6104-1,15.0
6107-3,9.5
6113-31,17.0
6115-40,3.5
6117-4,4.5
6119-14,3.0
6121-5,4.0
6123-69,4.5
6151-18,5.5
6168-11,5.0
6172-7,8.0
6207-10,7.0
6209-2,3.5
6210-100,7.0
6213-10,4.5
6214-84,4.0
6217-23,4.5
6219-14,2.5
6221-1,3.5
6223-5,4.0
6225-3,5.0
6226-69,5.0
6227-1,6.0
6228-58,4.5
6229-13,5.0
6230-56,3.0
6231-46,5.0
6232-54,3.0
6234-74,3.5
6236-51,3.5
6237-11,3.5
6238-55,6.5
6240-70,3.5
6245-4,6.0
6247-9,3.0
6248-68,3.5
6252-62,3.0
6255-74,4.0
6256-9,6.5
6257-56,5.0
6259-60,19.5
6260-14,3.5
6262-14,5.0
6263-77,10.5
6264-9,5.0
6267-51,5.0
6273-58,5.0
6274-15,7.0
6276-16,2.5
6277-55,11.0
6280-11,5.0
6281-51,4.5
6283-60,11.5
6284-7,7.5
6285-71,6.0
6289-78,5.5
6290-3,2.5
6291-55,7.5
6294-11,4.5
6295-67,6.5
6296-36,4.0
6300-14,4.0
6304-8,2.5
6315-58,6.0
6321-65,5.5
6324-11,5.0
6326-20,3.5
6334-9,6.0
6340-10,4.0
6342-10,8.5
6350-43,3.0
6351-55,5.0
6352-8,5.0
6353-60,8.0
6354-13,6.0
6356-3,5.5
6357-83,4.5
6359-50,4.0
6360-7,7.0
6361-49,4.5
6362-6,9.5
6363-55,10.0
6364-7,8.0
6365-62,4.0
6366-38,29.0
6367-66,4.5
6368-9,11.5
6369-82,4.5
6371-50,2.5
6372-7,7.0
6373-54,4.0
6374-7,4.5
6375-75,3.5
6377-54,3.5
6378-2,4.0
6379-62,5.0
6380-23,7.5
6382-17,4.5
6383-90,5.5
6384-19,5.0
6385-63,4.0
6386-4,24.0
6387-61,5.5
6388-21,4.0
6389-57,4.5
6390-18,4.0
6391-52,5.0
6392-7,6.5
6393-63,3.0
6395-58,8.0
6398-12,9.5
6399-52,3.0
6400-33,11.0
6401-73,4.0
6402-8,8.0
6404-20,3.0
6405-74,4.5
6406-3,3.5
6407-63,4.0
6408-2,3.5
6409-57,3.5
6410-26,4.5
6411-58,7.0
6412-26,4.0
6413-79,3.5
6414-8,2.0
6415-90,4.0
6416-8,7.5
6417-55,3.5
6419-75,4.0
6420-4,6.5
6421-52,3.5
6423-66,6.5
6424-2,2.5
6425-87,3.0
6430-36,2.5
6431-68,6.0
6433-57,3.5
6434-18,3.0
6439-59,5.0
6440-31,3.0
6441-62,3.0
6442-6,6.5
6443-68,4.5
6444-15,3.0
6447-73,4.0
6448-36,4.0
6450-8,5.5
6451-64,4.0
6453-70,6.5
6454-38,5.5
6455-52,3.0
6456-17,3.5
6457-50,5.5
6458-6,21.0
6461-54,5.0
6462-12,4.0
6463-59,6.0
6464-40,4.0
6466-7,5.5
6467-65,5.0
6468-37,6.0
6469-62,3.5
6470-19,7.0
6471-53,6.0
6472-40,4.5
6473-55,9.0
6478-2,4.5
6480-1,4.0
6485-59,5.5
6491-59,3.5
6493-9,3.0
6494-60,4.5
6495-14,3.5
6496-60,3.5
6497-10,3.0
6502-50,4.5
6504-65,3.5
6506-54,4.5
6507-16,4.5
6508-68,4.0
6510-56,2.5
6511-17,3.0
6512-68,3.5
6517-14,4.0
6518-85,5.5
6520-87,6.0
6521-35,6.5
6522-57,6.0
6525-17,3.5
6526-77,6.0
6527-1,5.0
6528-95,6.0
6530-63,4.0
6531-29,4.5
6533-20,4.5
6536-54,6.5
6538-90,5.0
6543-182,4.0
6544-33,4.0
6545-58,4.5
6546-41,3.0
6547-83,4.0
6549-60,5.5
6550-4,3.0
6551-94,4.5
6553-68,2.5
6555-58,8.5
6556-5,3.5
6557-50,3.5
6558-5,5.0
6561-77,5.5
6563-78,4.0
6565-68,4.0
6568-18,2.5
6570-1,4.0
6571-75,3.0
6572-10,3.0
6574-11,3.5
6575-79,3.0
6576-1,3.5
6577-64,5.5
6578-29,3.0
6580-29,6.0
6581-50,4.0
6583-67,5.5
6584-1,5.5
6586-19,7.5
6587-6,14.0
6590-54,5.5
6593-5,4.5
6594-64,6.5
6597-24,2.5
6599-5,3.0
6600-70,5.5
6603-18,3.5
6604-59,5.5
6605-17,4.5
6606-61,6.0
6609-22,5.0
6611-8,26.0
6612-90,4.0
6617-12,7.5
6620-82,4.5
6621-10,8.0
6622-90,5.5
6624-94,3.5
6625-31,3.5
6626-81,3.5
6627-25,3.5
6629-3,4.0
6631-17,5.5
6633-43,11.5
6641-60,3.0
6645-53,4.0
6647-55,4.5
6649-51,4.5
6651-74,6.5
6653-58,3.5
6706-18,4.5
6713-4,5.0
6715-63,4.5
6895-1,3.5
6896-3,12.0
6897-38,3.5
6899-37,3.5
6900-30,3.0
6904-14,5.5
6907-17,4.0
6909-40,4.0
6911-103,4.0
6912-6,3.5
6913-189,3.5
6914-15,5.5
6915-2,19.5
6917-49,3.5
6918-183,3.5
6919-3,4.0
6920-1,2.0
6921-24,2.5
6923-1,5.0
6925-26,5.5
6927-7,2.5
6929-10,3.0
6930-95,3.5
6931-10,3.5
6932-42,5.0
6933-20,3.0
6934-8,4.0
6935-123,15.0
6936-7,3.0
6937-251,5.0
6938-21,3.5
6940-18,2.5
6941-11,4.0
6947-4,3.0
6948-82,3.0
6951-26,2.5
6955-68,5.5
6957-14,6.0
6961-14,15.5
6962-5,5.5
6963-82,23.0
6965-19,2.5
6966-144,3.0
6967-5,3.5
6969-14,5.5
6973-111,5.0
6974-6,2.5
6975-52,4.0
6984-6,4.5
6986-17,3.0
6990-44,4.0
6991-24,5.5
6992-67,10.5
6993-8,2.5
6994-19,8.0
6997-32,3.5
6998-106,4.0
7002-1,6.0
7003-4,4.0
7006-4,5.0
7007-24,4.0
7008-13,6.0
7009-6,3.5
7009-8,3.0
7011-8,42.0
7012-35,3.5
7014-27,10.0
7015-8,3.5
7016-12,2.5
7018-10,7.5
7019-13,5.0
7020-13,3.5
7034-4,3.0
7038-45,4.5
7045-4,3.0
7046-6,5.0
7048-4,7.0
7049-2,5.0
7050-5,4.5
7054-87,4.0
7056-16,4.0
7057-18,7.0
7059-14,4.5
7060-2,3.5
7064-2,3.5
7065-1,6.0
7066-199,3.0
7069-9,5.0
7070-25,5.0
7071-23,3.5
7073-69,4.0
7076-17,3.5
7077-9,3.5
7081-2,22.0
7082-2,5.0
7083-74,3.0
7084-1,3.0
7085-81,4.5
7089-42,3.5
7090-17,3.0
7092-7,4.0
7096-30,6.5
7097-8,5.5
7099-33,3.0
7100-31,4.5
7104-71,5.0
7105-7,3.5
7106-37,3.0
7108-7,4.0
7110-2,6.0
7113-1,6.5
7115-5,3.0
7116-31,3.5
7117-21,3.5
7118-24,3.5
7121-2,2.5
7122-31,3.5
7123-25,4.0
7124-18,5.0
7125-4,3.5
7127-3,4.5
7128-9,6.0
7130-4,4.0
7131-207,2.5
7131-8,3.5
7132-55,3.5
7134-14,4.0
7136-107,4.0
7136-7,5.0
7137-8,2.5
7139-14,4.5
7140-1,4.0
7141-21,5.5
7142-5,7.5
7143-9,4.0
7144-234,4.5
7145-1,5.0
7146-16,2.5
7146-5,3.5
7147-35,5.0
7148-42,3.0
7152-5,4.0
7153-66,2.5
7154-92,10.0
7155-46,11.0
7156-2,4.5
7157-22,4.0
7161-25,5.5
7163-26,27.0
7167-102,8.5
7173-141,5.0
7174-15,5.0
7175-4,3.5
7178-59,3.5
7179-69,3.5
7180-114,3.5
7181-17,3.0
7182-1,3.0
7183-102,3.5
7184-13,4.0
7185-29,4.5
7186-111,4.0
7187-3,4.5
7189-55,3.0
7190-50,5.0
7191-32,24.0
7192-37,3.5
7193-98,3.0
7194-36,5.0
7195-119,2.5
7196-21,3.0
7197-2,3.5
7198-197,3.0
7199-3,3.5
7200-4,3.0
7201-5,3.0
7202-107,3.5
7203-125,2.0
7204-1,4.0
7206-20,4.5
7207-4,3.0
7208-60,3.0
7210-25,3.5
7211-2,6.5
7215-18,3.5
7218-87,4.5
7219-152,4.5
7221-56,3.5
7223-60,2.5
7224-11,2.5
7225-51,6.5
7227-75,5.5
7228-2,4.5
7231-37,3.5
7233-73,3.0
7234-12,7.5
7239-9,6.5
7240-2,3.5
7241-12,18.5
7242-14,11.0
7243-8,3.0
7244-16,5.0
7245-2,5.0
7246-4,3.0
7247-1,5.5
7249-307,3.5
7249-37,24.0
7251-64,3.0
7253-6,4.5
7257-18,3.0
7258-5,3.0
7262-191,3.5
7265-32,3.5
7266-4,4.5
7267-2,5.0
7268-12,5.5
7551-33,4.0
7624-19,3.0
7625-27,3.5
7628-40,3.0
7638-30,4.5
7648-9,3.5
7655-11,4.0
7660-21,7.5
7680-205,2.5
7691-11,4.0
7693-13,2.5
7695-106,4.5
7696-3,5.0
7713-102,4.5
7713-50,4.5
7717-95,3.5
7721-81,12.5
7732-45,3.0
7735-17,8.5
7736-28,3.0
7737-76,4.0
7738-299,5.5
7740-33,4.0
7741-111,3.5
7742-11,5.0
7743-5,6.0
7744-10,4.0
7745-3,6.0
7746-230,3.5
7747-47,5.5
7748-11,3.0
7751-121,5.5
7752-31,7.5
7753-21,2.5
7754-11,5.0
7755-37,4.5
7756-37,3.5
7757-5,3.5
7758-217,3.5
7761-125,4.0
7762-30,65.0
7763-25,7.5
7765-15,6.5
7766-25,3.5
7767-1,9.0
7768-10,4.0
7769-29,5.0
7770-25,5.5
7773-20,8.0
7775-15,2.5
7776-20,6.5
7778-104,2.5
7779-86,4.0
7780-34,3.5
7782-34,8.0
7784-1,6.5
7785-1,4.5
7786-83,4.0
7787-25,3.0
7788-1,7.5
7789-182,5.0
7790-21,5.0
7792-58,4.0
7795-14,3.5
7796-10,3.5
7797-11,9.0
7799-3,3.0
7800-85,4.0
7801-30,3.0
7802-53,3.0
7803-4,1.5
7805-52,4.5
7806-33,6.0
7808-5,2.5
7809-22,3.5
7810-20,5.0
7812-11,6.0
7813-6,4.5
7815-49,3.0
7816-23,3.0
7817-36,4.0
7818-101,11.5
7821-6,4.0
7822-11,3.0
7823-22,16.0
7824-88,4.5
7825-7,5.5
7826-1,3.5
7827-20,4.5
7831-39,5.0
7832-181,3.5
7835-2,4.5
7838-27,2.5
7839-99,4.0
7840-64,5.0
7841-84,4.0
7842-52,3.5
7843-152,4.0
7846-44,6.5
7847-66,4.5
7849-3,5.5
7850-1,9.0
7851-30,3.5
7852-9,9.5
7853-19,2.5
7854-38,4.0
7856-51,3.0
7857-22,4.5
7859-21,13.0
7860-9,3.5
7861-9,4.5
7863-50,5.5
7864-3,5.5
7865-126,3.5
7866-11,3.0
7867-154,11.5
7870-8,6.0
7871-16,8.5
7872-5,11.0
7873-32,4.0
7875-86,10.0
7878-2,2.5
7879-12,6.5
7880-9,9.0
7881-244,7.0
7882-31,7.0
7884-15,65.0
7885-17,13.5
7886-26,4.0
7887-57,3.0
7888-58,7.0
7890-68,3.5
7891-45,4.5
7892-132,3.0
7893-19,4.0
7894-155,3.5
7895-108,3.0
7897-75,3.5
7898-29,3.0
7903-18,3.0
7905-30,8.0
7909-37,10.0
7910-41,6.0
7911-29,17.5
7915-31,4.0
7916-10,5.5
7917-17,3.0
7918-114,2.5
7919-278,7.5
7920-30,4.5
7921-65,5.0
7922-5,3.0
7923-41,4.5
7924-7,4.5
7925-18,3.5
7926-13,3.0
7927-16,4.0
7928-183,6.5
7930-3,3.0
7932-23,3.0
7933-75,4.5
7934-11,7.0
7935-26,5.0
7939-1,5.0
7943-16,12.5
7944-1,3.0
7945-10,4.0
7947-19,4.0
7948-129,5.0
7950-142,2.5
7951-146,3.5
7952-2,4.0
7953-20,3.0
7955-195,4.5
7956-11,4.0
7957-2,5.5
7958-15,3.5
7959-34,5.5
7960-53,3.0
7962-11,5.0
7963-36,5.0
7965-25,3.0
7967-38,6.5
7968-15,5.0
7969-163,4.0
7970-315,3.0
7975-97,3.5
7976-19,4.0
7980-72,4.5
7981-230,2.5
7982-10,5.0
7983-1,2.5
7986-98,7.5
7989-5,5.0
7991-54,9.0
7992-3,3.5
7993-23,2.5
7994-41,6.0
7995-16,2.5
7997-118,3.5
7999-23,4.5
8000-17,3.0
8002-27,4.5
8003-57,3.5
8004-15,3.5
8005-1,5.0
8006-12,7.0
8007-19,4.0
8008-28,3.5
8009-121,7.0
8011-96,4.5
8013-9,5.0
8014-359,5.0
8015-144,2.0
8016-19,5.0
8017-23,16.5
8018-43,5.0
8019-73,4.0
8021-59,5.5
8023-23,5.0
8024-64,3.0
8028-22,3.5
8029-35,6.0
8031-11,3.0
8032-23,4.5
8033-1,3.0
8034-6,3.0
8035-6,3.0
8036-75,3.5
8037-53,6.0
8038-41,4.0
8039-41,4.0
8040-9,2.5
8041-5,6.0
8042-88,4.0
8043-153,6.5
8044-90,6.5
8045-3,3.0
8046-9,5.5
8048-9,9.5
8051-10,5.5
8052-115,3.5
8053-16,3.5
8055-33,3.0
8057-78,3.5
8059-1,3.0
8060-7,4.0
8061-102,3.5
8062-15,3.0
8064-125,3.5
8065-245,4.0
8066-38,2.0
8067-21,6.5
8068-43,4.0
8069-85,11.5
8070-88,5.5
8071-114,20.0
8072-19,5.5
8073-3,4.5
8074-32,4.0
8076-4,7.0
8078-15,4.0
8079-39,3.5
8080-24,3.5
8081-55,3.5
8085-10,5.0
8086-49,6.0
8087-250,6.0
8088-56,3.5
8089-173,2.0
8091-16,6.0
8092-29,4.5
8093-13,3.0
8094-20,3.0
8095-213,7.5
8097-77,4.5
8098-37,4.5
8099-42,10.5
8100-15,5.0
8102-239,2.0
8104-21,3.0
8106-15,5.0
8107-12,3.5
8219-14,7.0
8220-15,4.0
8221-19,5.0
8222-49,4.0
8225-86,3.0
8228-10,4.0
8229-1,3.0
8231-122,4.5
8232-90,3.0
8233-2,4.5
8235-48,4.0
8236-8,2.5
8237-56,3.5
8239-223,7.0
8240-207,2.5
8242-9,3.0
8243-55,4.0
8244-16,3.0
8245-27,5.5
8246-9,5.0
8248-222,13.0
8249-124,2.0
8250-2,3.0
8252-2,3.5
8253-2,3.0
8255-34,9.5
8257-71,2.5
8258-22,4.0
8259-25,4.5
8260-13,11.0
8261-51,3.0
8262-20,3.5
8263-64,7.5
8264-43,3.0
8265-225,5.5
8268-98,4.0
8269-327,2.5
8271-24,2.5
8272-22,2.5
8273-84,2.5
8274-64,5.5
8275-31,3.5
8280-238,6.0
8282-15,3.5
8285-64,3.0
8286-44,3.5
8287-17,4.5
8288-27,13.5
8289-8,6.0
8290-1,2.5
8295-16,7.0
8296-117,4.5
8297-8,5.0
8298-8,5.5
8299-66,3.5
8300-82,6.0
8303-102,5.5
8304-50,5.0
8305-18,3.0
8306-54,6.0
8307-47,5.0
8309-12,6.0
8310-6,8.5
8312-139,3.5
8314-71,3.5
8315-5,5.5
8316-36,3.0
8318-13,3.5
8320-5,4.0
8321-27,5.0
8323-163,3.0
8325-37,3.5
8326-63,3.0
8327-26,3.5
8328-9,3.0
8329-166,3.5
8330-1,6.5
8334-65,5.0
8336-267,2.5
8337-65,3.5
8340-9,4.5
8343-224,3.5
8345-27,4.5
8346-9,3.5
8347-222,6.0
8348-4,5.5
8351-17,4.5
8352-26,3.0
8353-15,3.0
8355-80,4.0
8356-88,4.0
8357-43,3.5
8358-30,7.0
8359-149,3.0
8360-169,5.0
8363-18,3.0
8364-74,4.5
8366-19,4.0
8367-142,3.5
8368-102,3.5
8369-102,4.0
8372-29,2.5
8374-5,8.5
8376-25,3.5
8377-87,3.5
8378-3,2.5
8380-244,3.5
8381-18,2.0
8382-47,7.5
8383-20,4.0
8385-248,7.5
8386-11,4.5
8388-24,2.5
8389-8,7.5
8390-25,3.0
8391-12,3.0
8393-121,4.5
8394-56,2.5
8396-42,2.5
8397-147,3.0
8398-277,4.0
8399-6,5.5
8400-74,2.5
8402-22,50.0
8403-18,5.0
8404-102,5.5
8405-108,5.5
8406-17,6.0
8407-84,4.5
8409-3,2.5
8418-30,7.0
8424-269,14.0
8427-118,3.5
8428-102,5.5
8429-16,4.0
8443-9,3.5
8444-3,4.5
8444-46,5.5
8445-184,15.5
8445-54,4.0
8446-4,7.5
8447-11,3.0
8449-103,6.0
8449-124,9.5
8450-36,4.5
8458-111,11.5
8458-16,7.5
8459-10,5.5
8462-18,6.0
8463-2,5.5
8464-31,4.0
8465-52,7.0
8467-9,4.5
8468-19,5.5
8469-41,5.0
8470-213,5.5
8471-53,11.0
8474-6,7.5
8475-15,5.0
8476-11,8.5
8479-4,3.5
8480-29,5.5
8481-26,4.0
8481-44,9.5
8482-39,4.0
8483-5,6.0
8484-24,7.0
8485-7,2.5
8488-33,4.0
8518-55,3.0
8520-8,5.0
8528-74,6.0
8529-1,4.5
8535-102,2.5
8545-14,2.5
8556-5,2.5
8565-160,4.0
8569-147,2.5
8578-45,2.5
8587-21,3.5
8589-13,8.0
8595-75,3.5
8597-1,3.5
8601-167,4.0
8606-39,3.5
8613-97,5.0
8619-12,3.0
8620-56,6.0
8624-16,3.5
8631-13,4.5
8633-18,5.0
8634-187,12.0
8635-283,6.0
8644-46,7.5
8645-257,9.0
8646-61,6.0
8653-132,15.5
8654-13,3.5
8659-68,2.0
8660-33,4.0
8660-5,2.5
8664-36,9.0
8667-42,6.5
8671-378,4.0
8675-79,4.0
8681-93,11.0
8686-342,4.5
8687-26,3.5
8690-25,4.0
8696-15,11.0
8697-38,3.0
8699-43,6.0
8700-325,4.5
8702-42,4.0
8748-45,3.0
8749-194,3.5
8750-46,4.5
8752-6,3.5
8754-5,4.5
8755-202,4.0
8756-41,4.0
8758-2,4.5
8759-29,4.0
8760-10,3.5
8761-7,5.5
8762-38,3.5
8766-29,4.5
8767-44,8.5
8768-4,3.0
8769-30,3.0
8770-136,4.0
8772-5,3.5
8773-172,6.0
8775-61,3.0
8776-10,5.5
8777-5,2.5
8778-3,4.0
8780-2,5.0
8783-216,4.0
8784-7,3.0
8785-1,4.0
8786-6,4.5
8787-21,2.5
8790-6,4.0
8791-151,4.0
8792-17,5.5
8793-13,2.0
8794-13,5.0
8795-48,4.0
8800-14,5.5
8802-24,4.0
8803-61,3.0
8804-39,4.5
8806-18,4.0
8807-13,3.0
8808-90,3.0
8810-26,7.5
8811-24,3.0
8813-160,2.5
8814-33,4.5
8815-1,3.0
8817-29,3.5
8818-13,5.5
8819-3,4.5
8820-2,3.0
8822-163,7.5
8824-2,3.0
8825-4,4.5
8828-21,3.0
8830-29,5.5
8832-55,3.0
8833-20,4.0
8834-58,3.0
8837-8,3.5
8838-10,4.0
8839-4,3.0
8840-61,4.5
8841-65,3.5
8842-16,3.0
8843-34,9.0
8845-2,3.5
8850-5,3.0
8851-42,4.0
8852-10,4.0
8853-2,4.5
8854-59,3.5
8858-21,3.0
8859-51,11.5
8863-3,4.0
8864-59,5.0
8866-53,5.0
8867-18,2.5
8868-4,9.5
8869-5,3.5
8870-38,4.5
8871-14,4.5
8872-1,6.5
8874-53,2.0
8876-51,7.0
8877-22,5.0
8878-48,4.5
8882-1,5.0
8885-6,4.5
8887-21,4.0
8888-33,4.5
8889-5,4.0
8890-9,2.5
8891-7,3.0
8892-14,5.0
8893-29,4.0
8894-80,4.0
8897-3,2.5
8898-19,5.5
8899-75,3.0
8900-28,2.5
8901-40,7.5
8903-1,7.0
8905-20,5.5
8906-60,3.0
8907-11,3.5
8908-14,5.5
8909-77,4.5
8913-22,3.0
8916-32,6.5
8918-64,6.0
8921-139,4.0
8922-4,4.5
8923-94,5.5
8924-55,4.0
8925-25,3.5
8927-6,4.0
8929-7,4.0
8931-124,3.0
8932-1,3.0
8933-84,3.5
8935-22,4.5
8941-4,4.0
8942-2,7.5
8944-42,5.5
8945-7,3.0
8946-38,5.5
8947-268,3.0
8948-13,3.0
8949-3,12.5
8950-4,3.0
8951-162,4.5
8952-65,2.5
8953-47,4.5
8954-30,12.5
8955-60,2.0
8956-96,4.0
8957-72,3.5
8958-51,4.5
8959-61,4.0
8960-3,5.0
8962-48,12.0
8963-8,6.5
8964-14,4.5
8967-6,11.0
8969-49,5.0
8970-9,4.0
8971-9,5.0
8973-23,4.0
8974-172,4.0
8975-26,8.0
8976-13,3.5
8978-30,3.5
8979-1,3.0
8980-19,5.5
8982-65,2.5
8983-7,3.0
8984-28,3.0
8985-13,6.5
8986-2,3.5
8989-40,7.0
8990-42,34.0
8991-115,4.5
8992-1,4.0
8993-151,5.0
8994-65,5.0
8997-4,4.5
8998-15,4.0
8999-19,2.5
9000-177,5.0
9002-36,3.5
9003-99,6.5
9004-24,5.0
9005-16,6.0
9008-6,5.0
9010-3,2.5
9012-1,10.0
9013-60,3.0
9014-18,3.0
9015-1,5.0
9016-12,5.0
9017-58,4.5
9018-38,5.0
9021-1,4.0
9022-49,13.5
9023-9,3.5
9025-5,18.5
9026-40,3.5
9027-10,3.5
9028-5,4.0
9030-56,3.5
9032-30,13.0
9035-2,4.0
9037-1,3.0
9038-12,2.5
9039-47,9.0
9040-144,4.0
9043-7,16.5
9044-1,4.5
9045-3,7.0
9046-46,5.5
9049-2,4.0
9050-170,3.0
9051-13,2.5
9053-16,4.0
9054-8,4.0
9055-81,3.5
9057-19,4.0
9058-1,5.5
9059-14,11.5
9060-27,6.5
9061-3,4.0
9063-9,6.0
9064-12,5.5
9065-28,3.5
9067-152,3.5
9068-17,3.5
9070-1,2.5
9073-35,5.5
9074-6,4.5
9075-121,3.5
9076-25,6.0
9077-10,3.0
9078-207,5.0
9080-1,14.5
9081-39,16.0
9082-25,8.0
9083-35,3.5
9086-95,4.0
9087-8,4.0
9088-20,4.5
9089-77,3.5
9090-9,12.0
9092-33,3.5
9094-5,4.5
9095-5,4.0
9096-80,4.0
9097-5,4.5
9099-19,2.0
9100-32,5.0
9102-28,4.0
9106-87,3.5
9107-59,5.0
9108-48,3.5
9110-2,3.5
9111-40,2.5
9114-84,3.5
9115-78,4.0
9116-28,4.5
9117-4,3.5
9118-7,7.0
9121-28,2.5
9122-8,3.0
9123-18,2.5
9125-23,4.0
9126-171,5.5
9127-4,3.5
9128-34,5.5
9168-31,6.5
9169-14,5.0
9170-24,3.0
9171-11,4.5
9172-69,3.0
9173-21,3.0
9175-48,3.0
9176-3,5.5
9177-6,6.5
9178-30,4.0
9180-6,3.0
9182-3,3.0
9183-7,5.5
9185-15,5.0
9187-2,4.5
9188-119,4.0
9190-7,2.5
9191-8,4.5
9196-8,3.0
9197-4,5.0
9199-6,3.5
9201-13,3.5
9202-309,10.5
9204-33,5.5
9207-60,5.5
9211-19,5.5
9212-22,2.5
9213-24,28.0
9215-117,4.0
9216-100,3.0
9218-7,4.0
9219-70,3.5
9220-7,3.0
9221-6,3.0
9223-11,4.5
9224-20,2.5
9226-6,3.5
9227-15,3.0
9229-9,15.5
9231-23,6.0
9232-1,3.5
9233-71,6.5
9234-8,2.5
9235-3,6.0
9237-54,17.5
9241-40,5.0
9242-11,5.5
9243-10,3.0
9244-27,3.0
9245-1,2.0
9246-1,5.0
9248-36,3.0
9249-17,3.0
9250-87,4.0
9251-28,3.5
9253-52,5.5
9254-18,34.0
9255-5,3.0
9256-78,3.5
9257-14,5.5
9258-14,4.0
9259-35,4.5
9261-14,4.0
9263-57,3.5
9264-11,6.0
9265-10,2.5
9266-1,6.5
9267-2,6.0
9269-7,3.5
9271-101,11.0
9275-2,12.0
9276-7,3.5
9277-16,6.0
9278-9,5.5
9279-7,11.5
9281-50,3.0
9282-12,3.0
9283-8,3.0
9284-25,4.0
9287-6,3.0
9288-7,5.5
9290-8,3.5
9294-45,4.0
9296-15,5.5
9297-12,4.0
9300-13,4.0
9302-90,3.0
9303-9,4.0
9305-89,3.0
9306-7,3.5
9310-2,12.5
9312-8,6.0
9313-27,3.5
9314-9,11.0
9315-16,5.5
9316-67,8.5
9317-4,15.5
9319-59,4.0
9321-400,3.0
9322-15,60.0
9326-33,7.5
9327-3,2.0
9328-55,23.0
9329-28,6.0
9332-6,3.5
9333-59,3.0
9335-28,4.0
9337-43,5.0
9338-2,3.0
9339-204,5.0
9340-17,4.5
9341-1,3.0
9343-16,4.5
9345-436,4.0
9347-13,4.0
9348-1,9.0
9350-3,3.0
9352-86,6.5
9353-8,3.5
9355-26,2.5
9357-4,4.5
9358-3,4.5
9359-9,5.0
9360-33,5.0
9361-7,5.0
9362-11,3.5
9363-11,4.0
9365-91,4.0
9366-54,2.5
9368-64,3.0
9369-174,3.5
9370-69,4.0
9372-157,10.5
9373-405,3.0
9374-24,55.0
9377-25,4.5
9378-6,6.0
9379-248,6.0
9380-2,4.0
9383-24,4.0
9384-17,5.0
9385-4,6.5
9386-42,2.5
9387-13,4.0
9388-18,4.5
9389-12,5.5
9391-60,4.0
9392-43,8.0
9394-19,5.5
9398-30,5.0
9400-40,5.0
9401-57,6.0
9402-18,2.5
9409-11,6.0
9412-52,4.0
9416-77,4.0
9426-73,4.0
9436-2,4.0
9439-454,7.0
9443-137,4.0
9444-70,4.5
9445-44,3.0
9449-150,7.0
9450-18,3.5
9451-20,5.0
9453-12,3.0
9456-34,3.0
9457-3,6.0
9459-7,4.5
9461-2,3.0
9463-26,3.5
9467-24,3.0
9468-8,5.0
9470-15,3.0
9474-22,3.0
9475-22,7.5
9478-69,5.0
9482-110,3.0
9484-75,4.0
9486-13,2.5
9487-60,6.5
9490-3,6.5
9491-13,6.0
9492-5,3.0
9493-56,3.0
9495-10,7.0
9497-3,3.0
9500-5,4.0
9503-1,4.5
9504-19,3.5
9506-10,2.5
9507-55,42.0
9508-104,5.5
9509-4,4.5
9511-61,8.5
9512-24,8.0
9513-9,3.0
9514-46,5.0
9518-95,3.5
9522-3,4.0
9523-34,3.5
9524-46,2.5
9525-1,6.0
9526-3,3.5
9530-6,6.0
9531-24,3.5
9532-5,5.0
9535-14,7.0
9536-16,14.0
9539-25,3.5
9541-15,3.5
9543-131,3.0
9544-24,3.0
9545-156,9.0
9547-29,9.0
9550-153,4.0
9557-5,4.0
9561-21,4.0
9565-6,5.0
9566-103,6.0
9568-289,4.0
9569-14,4.0
9573-108,3.5
9574-11,3.0
9576-58,3.0
9577-26,4.5
9578-263,3.0
9579-59,4.5
9580-5,5.5
9581-4,9.5
9582-93,3.5
9583-17,3.0
9584-105,7.5
9585-80,2.5
9590-10,5.0
9594-30,4.0
9595-11,4.0
9598-23,3.5
9599-6,5.0
9600-55,3.5
9603-9,2.5
9604-14,6.5
9606-4,4.0
9607-39,10.0
9609-25,3.0
9613-16,3.5
9627-15,19.0
9638-2,4.0
9713-67,7.0
9715-15,5.0
9719-145,2.0
9723-105,8.5
9725-46,4.5
9728-4,3.5
9730-22,9.5
9735-44,4.5
9738-7,9.0
9739-4,2.5
9742-59,4.5
9744-139,6.0
9745-20,11.0
9747-48,5.5
9748-31,2.5
9749-190,3.0
9750-7,6.0
9751-72,5.5
9753-17,3.0
9754-33,4.5
9755-19,24.0
9756-6,4.0
9757-29,6.5
9758-17,5.0
9759-13,4.5
9760-13,4.0
9761-89,22.0
9762-14,10.0
9764-79,7.5
9765-4,3.5
9767-22,4.0
9768-5,6.0
9769-48,4.0
9772-153,4.0
9773-15,13.0
9774-59,4.5
9778-45,5.0
9779-63,5.5
9783-75,5.0
9786-310,8.0
9787-23,4.5
9789-52,4.0
9790-28,4.5
9793-145,4.5
9794-17,3.5
9795-9,3.0
9796-4,3.5
9799-3,15.5
9800-20,4.0
9802-27,3.0
9804-11,4.5
9805-51,3.5
9808-41,3.5
9815-5,4.5
9816-37,5.0
9819-110,10.0
9823-2,3.5
9826-135,6.0
9828-86,3.5
9829-91,5.5
9830-109,3.5
9831-12,7.0
9832-33,5.5
9834-62,2.5
9835-16,4.0
9836-20,4.0
9837-60,4.5
9838-4,4.0
9839-148,4.0
9840-2,5.0
9841-197,3.0
9842-2,2.5
9843-5,6.0
9844-138,5.5
9845-33,5.0
9846-32,5.5
9847-21,5.0
9848-22,2.5
9849-13,6.0
9850-38,3.0
9851-9,12.5
9853-3,4.5
9854-36,6.0
9855-10,4.0
9856-22,75.0
9857-38,3.5
9859-180,3.0
9863-1,6.5
9864-38,7.5
9865-40,4.5
9867-23,6.5
9869-28,5.0
9870-17,6.0
9872-23,3.0
9873-17,2.0
9874-28,4.5
9875-107,3.0
9876-20,3.0
9877-28,3.5
9878-3,3.0
9880-33,7.5
9883-29,5.5
9884-8,4.0
9885-41,3.0
9886-28,4.5
9887-40,4.5
9889-42,4.5
9890-8,4.0
9893-27,5.5
9894-13,7.0
9895-77,3.5
9896-21,28.0
9897-9,2.5
9898-161,9.5
9899-28,3.0
9900-36,10.5
9901-28,4.0
9905-8,2.5
9906-21,3.0
9907-216,3.5
9909-4,10.5
9910-9,3.5
9913-4,2.5
9916-146,55.0
9917-16,4.0
9918-23,5.0
9923-6,6.5
9925-56,4.0
9926-4,3.5
9927-96,4.5
9928-125,4.0
9929-16,5.5
9930-48,7.5
9931-20,5.0
9932-49,4.0
9933-49,3.5
9934-29,4.5
9936-27,11.0
9937-7,3.5
9940-35,11.0
9941-70,4.5
9942-2,4.0
9945-8,5.5
9947-22,3.0
9950-229,3.5
9951-36,3.5
9952-57,6.5
9954-2,8.0
9955-40,2.5
9956-7,3.0
9957-9,4.5
9959-60,4.0
9960-2,12.0
9962-1,6.0
9963-19,3.0
9964-10,3.5
9969-8,8.0
9970-7,7.5
9971-5,3.5
9974-8,9.0
9979-13,4.5
9981-18,2.0
9983-97,7.0
9984-12,4.0
9986-14,5.0
9987-30,6.5
9989-12,5.5
9991-112,5.5
9993-11,4.0
9994-217,2.5
9995-6,4.5
9997-12,7.5
9999-1,5.0
