SeqID,CV
10000_28,3.5
10001_7,4.0
10003_15,6.5
10006_25,3.5
10008_43,2.5
10010_10,3.5
10011_65,3.5
10012_5,7.5
10013_34,6.0
10014_31,2.5
10015_119,2.5
10021_1,5.0
10022_207,4.0
10023_32,7.0
10024_44,3.5
10025_1,3.0
10030_8,4.5
10034_16,4.5
10035_6,2.5
10036_201,6.5
10037_98,4.0
10039_32,3.5
10040_63,5.5
10041_3,5.5
10042_8,5.5
10043_31,3.0
10044_12,29.0
10045_47,3.5
10046_55,4.5
10047_12,9.0
10048_7,2.5
10049_112,2.5
10053_5,9.5
10054_3,4.0
10056_5,3.5
10058_1,6.0
10063_10,3.0
10064_12,2.0
10069_2,3.0
10070_22,4.5
10073_22,3.5
10074_128,2.5
10075_75,6.5
10076_1,3.0
10078_5,3.5
10080_9,8.0
10081_17,9.0
10082_251,6.0
10085_25,3.0
10086_39,4.0
10087_10,3.5
10088_37,6.0
10089_7,4.5
10336_3,7.0
10339_48,7.0
10342_55,12.0
10344_334,7.5
10346_5,7.0
10351_51,4.5
10354_57,4.0
10356_21,8.5
10361_25,4.0
10362_35,3.0
10363_13,5.0
10364_6,4.5
10365_132,3.0
10366_11,3.5
10367_62,3.5
10370_21,5.5
10372_18,5.0
10379_19,3.0
10382_1,7.5
10390_21,6.5
10391_1,6.5
10396_6,6.5
10398_110,3.0
10416_79,5.0
10418_36,4.5
10419_1,5.0
10420_30,18.5
10424_31,4.5
10425_3,3.0
10426_21,44.0
10427_2,8.5
10428_1,8.5
10430_31,9.5
10432_3,4.5
10435_2,4.0
10438_19,3.0
10439_57,5.0
10440_26,2.5
10442_1,5.0
10445_20,7.5
10447_18,3.0
10449_31,12.0
10451_11,6.5
10452_24,13.0
10453_7,5.0
10454_99,7.0
10455_196,3.5
10457_3,3.5
10460_1,15.5
10461_57,3.5
10462_14,4.0
10463_23,3.0
10464_6,3.0
10467_58,5.5
10470_34,55.0
10471_25,3.5
10472_53,12.0
10473_2,4.0
10476_23,5.0
10477_162,48.0
10479_18,4.0
10480_33,3.5
10485_56,85.0
10489_19,9.5
10490_3,4.5
10491_21,15.0
10494_48,5.0
10495_10,3.0
10496_11,4.0
10497_242,4.5
10499_1,4.5
10501_3,80.0
10502_15,4.5
10503_55,6.0
10504_6,6.0
10505_12,3.0
10506_53,3.0
10507_166,4.0
10510_62,3.5
10511_10,150.0
10512_13,3.5
10513_13,3.5
10514_5,4.0
10516_53,4.5
10518_14,4.5
10521_10,2.5
10522_167,15.0
10527_22,6.5
10528_2,3.0
10529_19,3.5
10530_8,3.5
10531_18,4.5
10533_1,13.5
10534_40,3.5
10535_25,11.5
10539_30,3.5
10546_2,10.5
10547_42,2.5
10548_35,4.5
10550_37,5.0
10551_7,5.0
10552_88,4.5
10553_8,4.0
10554_23,44.0
10557_6,3.0
10558_26,5.5
10560_1,9.0
10561_5,9.5
10562_42,6.5
10563_13,3.5
10565_19,3.5
10569_28,6.0
10571_14,3.0
10572_65,5.5
10574_10,5.0
10575_31,5.0
10576_7,3.5
10580_14,5.5
10582_36,15.5
10583_1,3.5
10584_7,7.0
10588_39,3.5
10589_7,7.0
10593_14,60.0
10600_24,55.0
10603_1,6.0
10605_22,4.5
10606_34,4.0
10607_4,48.0
10608_9,3.5
10610_8,5.5
10612_18,4.0
10613_33,5.0
10615_18,4.5
10616_67,4.5
10618_190,3.5
10620_21,4.5
10621_26,4.5
10622_9,13.0
10623_19,4.0
10624_45,3.0
10626_116,3.5
10627_87,4.5
10630_5,4.0
10631_9,8.5
10636_1,3.5
10637_50,6.0
10638_1,6.5
10639_1,3.5
10640_9,7.0
10643_16,6.0
10645_72,12.5
10647_18,5.5
10655_43,48.0
10658_28,10.0
10659_49,4.0
10660_33,3.0
10661_4,4.5
10663_42,4.0
10665_30,11.5
10666_7,6.5
10667_78,3.5
10668_5,6.5
10670_26,75.0
10671_67,7.5
10672_75,9.5
10675_223,24.0
10677_9,14.5
10692_48,6.5
10693_43,3.5
10695_12,3.0
10699_52,3.0
10700_10,5.0
10701_30,2.5
10702_1,3.5
10703_203,6.0
10704_91,5.0
10705_14,4.0
10708_3,4.0
10710_23,5.0
10713_151,4.0
10714_7,9.5
10715_5,16.0
10716_35,4.0
10721_76,5.5
10722_13,3.0
10723_41,5.5
10724_45,2.5
10731_10,5.5
10734_339,55.0
10737_96,6.5
10738_11,11.0
10741_22,10.0
10743_13,4.5
10746_24,6.5
10748_216,5.5
10749_18,6.0
10752_8,4.5
10753_31,5.0
10754_113,4.5
10756_34,8.0
10758_2,4.5
10760_107,9.5
10761_5,2.0
10762_2,8.5
10767_52,4.0
10772_21,7.5
10780_10,4.0
10781_19,3.0
10785_8,5.5
10791_21,5.5
10798_4,3.0
10800_15,6.5
10801_11,3.5
10803_22,3.5
10809_14,3.5
10814_7,8.5
10815_2,2.5
10816_150,6.0
10817_26,20.0
10818_36,3.0
10819_108,15.5
10823_19,3.0
10825_12,3.5
10827_67,4.5
10830_5,3.5
10832_24,4.5
10833_64,4.0
10835_25,3.0
10837_131,18.0
10842_7,6.0
10847_1,7.0
10848_137,3.0
10851_77,6.0
10852_114,6.0
10854_15,11.5
10855_55,5.5
10866_60,4.5
10870_32,6.0
10876_300,2.5
10880_38,3.5
10882_12,4.5
10885_36,3.0
10888_4,4.0
10889_2,4.0
10890_135,5.0
10892_8,5.5
10894_25,7.5
10895_28,3.5
10900_272,4.0
10902_53,10.5
10903_50,6.5
10907_116,5.5
10908_2,2.5
10910_6,6.0
10914_4,5.5
10916_44,7.5
10917_40,3.5
10924_258,4.0
10927_65,3.0
10928_7,15.5
10933_107,5.5
10938_13,4.0
10939_16,5.0
10940_25,4.0
10943_36,4.0
10945_11,7.5
10948_14,3.5
10949_59,3.0
10953_14,3.0
10955_4,3.0
10956_82,4.5
10959_125,3.5
10961_15,3.5
10962_46,7.0
10966_1,7.0
10967_12,5.0
10970_3,4.0
10974_20,3.5
10975_59,7.5
10976_44,5.5
10977_55,5.0
10978_39,4.0
10980_11,4.5
10981_56,3.0
10990_21,5.0
11067_13,3.5
11071_1,3.0
11081_1,4.0
11083_23,5.5
11089_7,4.5
11094_104,3.5
11096_57,4.0
11098_1,6.5
11101_18,4.5
11102_22,10.5
11103_24,5.5
11104_13,4.0
11105_171,6.5
11107_25,4.5
11109_56,4.5
11110_4,3.5
11112_18,2.5
11116_16,5.0
11117_2,4.0
11118_107,14.5
11120_49,3.5
11121_56,6.0
11122_97,4.0
11126_102,4.0
11128_29,3.5
11129_66,6.5
11130_158,4.0
11134_30,4.0
11135_5,7.0
11137_43,5.0
11138_16,2.5
11139_4,4.0
11140_56,4.5
11142_11,3.5
11143_32,2.0
11144_10,3.0
11145_72,3.5
11146_4,3.5
11147_17,4.0
11149_3,2.0
11150_3,8.0
11152_46,4.5
11154_3,7.5
11155_16,3.5
11157_35,2.5
11158_40,3.5
11159_14,3.5
11160_56,4.5
11161_5,3.0
11162_37,7.5
11163_7,3.0
11164_7,5.5
11167_6,8.0
11168_3,4.0
11171_25,4.0
11173_29,2.5
11174_8,3.0
11175_45,3.5
11177_16,3.5
11178_21,3.0
11179_7,3.0
11180_17,9.0
11184_51,6.0
11185_145,6.5
11186_12,3.5
11187_11,4.5
11190_129,2.5
11192_168,5.5
11193_27,3.5
11194_6,5.0
11196_31,3.0
11198_37,2.0
11200_52,4.5
11201_19,5.5
11202_70,2.0
11203_97,4.5
11204_80,4.0
11205_10,3.0
11207_3,3.5
11208_15,4.0
11211_7,5.5
11212_7,2.5
11214_40,5.0
11215_6,9.0
11217_16,5.5
11218_84,3.0
11219_95,4.0
11220_53,3.5
11222_62,3.0
11223_1,4.5
11226_16,4.0
11227_31,6.0
11228_37,4.0
11229_16,3.0
11230_12,2.5
11231_12,7.5
11232_46,4.0
11237_49,5.0
11239_49,8.5
11241_8,4.5
11242_33,3.5
11243_90,2.0
11245_43,10.5
11246_3,3.5
11247_20,3.0
11248_43,3.5
11252_30,3.5
11254_13,3.0
11257_1,3.5
11258_41,3.0
11260_47,4.0
11262_39,5.0
11263_57,3.0
11264_33,4.0
11265_8,3.0
11266_8,6.5
11270_17,9.0
11273_176,4.0
11275_94,3.0
11277_23,3.0
11278_4,5.5
11279_42,4.0
11280_6,3.0
11281_6,8.0
11282_16,3.5
11283_13,6.5
11284_24,2.5
11285_8,6.0
11286_78,12.0
11287_14,3.5
11288_26,3.5
11289_31,3.0
11291_73,3.5
11292_13,4.0
11293_14,2.5
11294_7,14.0
11297_54,4.0
11300_32,3.5
11302_237,4.5
11303_7,3.5
11307_33,5.5
11308_8,3.5
11310_8,2.5
11311_79,3.0
11312_40,4.5
11313_100,8.5
11315_148,4.0
11318_20,3.0
11319_106,3.5
11320_29,2.5
11324_3,3.5
11325_8,8.5
11327_56,11.5
11328_9,3.5
11330_15,8.5
11333_82,8.0
11334_7,4.0
11336_9,3.5
11338_49,3.5
11342_59,4.5
11347_9,8.0
11348_132,3.5
11350_30,2.5
11351_233,4.5
11352_42,5.0
11353_143,4.5
11354_21,5.5
11355_10,10.5
11356_19,4.5
11358_15,6.5
11360_39,6.0
11361_73,8.0
11363_58,4.0
11364_18,3.0
11365_17,4.0
11368_32,11.0
11369_23,3.5
11370_20,4.0
11371_1,4.0
11372_2,6.0
11375_49,2.5
11377_19,3.0
11378_37,7.0
11380_84,14.0
11381_56,3.5
11382_5,3.0
11383_41,9.0
11387_3,2.5
11388_75,5.0
11390_24,3.5
11391_69,5.5
11395_5,4.0
11396_39,6.5
11401_181,2.5
11402_17,5.5
11405_150,7.5
11406_82,3.0
11407_57,2.5
11416_23,5.0
11421_10,7.5
11422_2,3.0
11424_4,3.0
11425_31,5.0
11428_31,7.0
11429_80,6.5
11430_49,7.0
11431_235,4.0
11432_11,9.0
11433_11,4.0
11436_6,3.0
11438_6,4.0
11439_88,5.0
11440_58,3.0
11441_11,4.0
11442_1,4.5
11444_49,3.0
11448_34,7.5
11449_22,6.5
11450_110,3.0
11454_87,6.5
11456_2,11.5
11457_53,8.5
11458_30,7.0
11459_81,4.5
11462_8,3.0
11464_9,6.0
11465_4,4.0
11468_15,3.0
11476_43,4.5
11480_1,3.5
11481_25,4.5
11486_26,2.0
11487_4,2.5
11490_42,4.0
11493_169,4.5
11494_4,3.0
11510_31,5.5
11510_51,5.0
11513_92,4.5
11514_196,5.5
11516_7,3.0
11530_37,8.0
11531_24,5.0
11534_6,3.5
11536_9,3.5
11537_12,4.0
11538_216,3.0
11539_4,5.5
11540_37,2.5
11542_11,3.0
11543_84,8.0
11544_39,4.5
11545_9,6.5
11546_7,3.5
11547_84,6.0
11548_84,4.0
11549_6,4.5
11551_16,3.5
11556_19,4.0
11557_3,3.0
11560_76,2.5
11561_32,3.5
11562_9,3.5
11563_51,4.0
11565_58,4.5
11566_48,4.5
11567_23,5.0
11568_2,4.5
11570_94,5.5
11571_75,4.5
11572_4,6.5
11573_3,4.5
11582_63,3.5
11586_2,3.0
11587_5,4.0
11590_5,3.0
11591_43,2.5
11592_1,3.0
11593_21,5.5
11596_47,4.0
11601_26,3.0
11602_12,8.0
11606_22,3.0
11607_15,5.5
11608_5,8.0
11614_29,3.0
11615_16,10.5
11616_9,2.5
11617_1,3.0
11618_83,5.0
11626_7,3.0
11629_36,3.0
11633_89,8.0
11634_32,9.0
11636_33,5.0
11638_42,3.5
11643_73,4.0
11645_9,5.0
11646_4,3.5
11647_6,11.0
11649_3,4.0
11651_24,3.5
11653_69,4.0
11654_77,7.5
11656_110,7.5
11657_86,4.0
11659_31,10.5
11661_11,3.5
11664_32,5.5
11666_72,12.5
11667_29,3.5
11669_39,2.0
11670_18,4.0
11671_19,5.5
11672_17,8.5
11677_17,3.5
11678_105,3.0
11681_8,6.0
11682_7,12.0
11683_19,4.5
11690_47,3.0
11692_21,3.0
11696_7,5.5
11699_16,8.5
11708_2,2.5
11709_29,7.0
11712_207,6.0
11715_1,4.0
11716_28,4.0
11814_29,3.0
11816_84,6.5
11817_1,6.5
11825_27,2.5
11827_7,4.0
11830_48,7.0
11833_83,2.0
11836_144,4.0
11837_7,4.0
11838_130,3.5
11851_21,6.0
11860_3,4.0
11872_9,6.0
11890_2,9.0
11895_21,4.5
11910_27,5.0
11911_13,3.5
11912_45,4.0
11917_8,11.0
11918_54,12.0
11919_84,5.0
11926_23,5.5
11927_3,6.0
11934_9,3.0
11939_11,5.5
11949_25,4.0
11952_1,3.0
11955_1,5.0
11967_23,10.5
11969_5,3.5
11986_30,3.5
11988_24,5.0
11989_35,2.5
11993_227,2.5
12001_7,9.0
12008_3,6.0
12012_33,3.5
12014_19,4.5
12016_60,7.5
12018_84,2.0
12020_39,4.0
12022_12,5.0
12030_82,14.5
12033_3,4.0
12034_28,48.0
12041_33,8.5
12046_51,4.0
12077_32,2.5
12329_21,4.5
12332_7,7.5
12333_87,3.5
12334_25,5.0
12338_27,6.5
12340_17,4.5
12341_8,3.5
12343_14,3.0
12345_4,2.5
12347_29,10.0
12348_46,4.5
12350_86,3.5
12351_25,8.0
12352_70,4.0
12355_223,3.5
12356_65,7.0
12357_41,4.0
12358_6,6.0
12361_102,4.0
12363_70,2.5
12365_108,3.0
12366_16,3.0
12367_52,4.0
12368_18,5.0
12370_30,4.5
12372_50,3.0
12373_73,5.0
12374_8,5.0
12376_85,5.0
12378_71,4.0
12381_26,5.0
12382_2,4.0
12384_92,8.5
12385_4,2.5
12386_11,6.0
12387_7,3.5
12389_4,3.5
12391_27,15.5
12392_30,2.0
12394_53,3.5
12395_86,9.0
12396_19,7.0
12398_15,3.0
12399_194,4.0
12400_25,3.5
12401_3,4.5
12403_30,4.5
12406_119,3.5
12408_333,3.5
12409_90,3.5
12411_60,5.5
12414_31,7.5
12415_122,6.0
12417_46,4.5
12420_10,13.0
12422_143,6.5
12423_38,3.0
12424_107,3.5
12425_104,3.5
12426_19,7.5
12427_8,3.0
12428_2,3.5
12430_78,2.5
12431_13,3.0
12432_23,5.0
12433_8,3.0
12434_25,3.0
12436_84,7.0
12437_18,3.5
12438_127,3.5
12439_67,5.5
12442_4,4.5
12444_39,5.0
12445_50,4.0
12446_49,3.5
12448_246,7.0
12449_16,6.0
12450_42,2.5
12451_62,10.5
12452_32,5.0
12453_161,3.5
12454_105,4.0
12455_48,4.0
12456_5,6.0
12457_10,3.0
12458_79,3.0
12459_13,3.0
12460_18,8.0
12461_8,6.0
12462_20,4.5
12463_7,6.0
12466_7,4.5
12469_19,5.0
12471_47,3.0
12473_48,8.0
12475_48,6.0
12476_50,4.0
12477_42,3.5
12478_15,4.5
12479_50,6.5
12480_9,23.0
12482_5,3.5
12483_62,3.5
12484_67,8.5
12486_8,2.5
12488_9,6.0
12490_92,4.5
12491_23,4.5
12493_42,3.0
12494_99,4.5
12497_29,6.0
12498_12,4.5
12499_108,8.0
12500_88,25.0
12501_10,3.0
12503_5,5.0
12504_26,3.0
12507_16,2.5
12508_9,4.5
12509_115,3.5
12510_3,2.5
12511_83,9.5
12513_8,2.5
12514_16,3.0
12515_45,4.5
12516_13,3.0
12517_52,7.0
12518_289,3.5
12521_3,7.5
12522_6,9.5
12524_18,2.5
12527_50,4.0
12528_40,2.5
12529_32,5.0
12530_14,3.5
12531_5,6.5
12532_28,4.5
12533_135,4.0
12534_10,2.0
12535_2,5.0
12536_46,7.0
12537_88,4.0
12538_19,9.5
12540_25,4.5
12543_76,2.5
12546_1,7.5
12548_75,4.0
12549_33,4.0
12551_3,7.5
12553_5,3.5
12554_10,6.5
12556_7,4.0
12557_18,6.0
12558_3,10.0
12560_9,3.5
12562_1,2.5
12563_2,4.0
12564_9,4.0
12568_14,4.5
12569_25,22.0
12571_14,6.0
12572_236,4.0
12573_80,5.5
12574_36,4.0
12575_30,9.0
12576_21,4.0
12577_100,2.5
12578_13,3.0
12580_7,6.5
12581_39,4.0
12583_77,5.5
12585_39,3.0
12587_65,11.0
12590_67,8.0
12591_27,7.5
12593_33,5.0
12594_5,4.5
12595_11,5.5
12597_68,6.0
12599_10,7.5
12603_87,4.0
12604_16,4.5
12605_1,3.5
12612_37,11.0
12616_45,7.0
12617_2,10.0
12618_50,4.5
12619_14,4.5
12620_3,9.5
12621_55,3.5
12622_96,6.5
12623_84,10.5
12625_138,5.0
12626_6,3.0
12627_97,9.5
12628_31,9.5
12630_8,3.0
12632_14,7.5
12633_3,4.0
12634_79,4.5
12635_9,4.0
12636_113,3.0
12637_7,7.0
12641_3,11.5
12643_4,5.0
12644_63,3.5
12646_2,7.5
12647_52,4.0
12649_80,11.0
12650_43,4.0
12651_21,2.5
12652_37,5.5
12653_13,2.5
12655_30,2.5
12656_1,10.5
12657_2,4.5
12658_72,4.0
12659_13,4.0
12661_44,3.5
12662_82,13.5
12663_1,6.0
12664_19,4.0
12665_16,3.5
12667_2,6.0
12668_7,10.0
12669_30,3.0
12670_15,6.5
12671_35,8.5
12675_14,9.5
12676_1,4.5
12677_164,7.0
12678_66,3.0
12681_63,3.0
12682_5,3.5
12683_156,4.5
12684_5,4.5
12685_57,8.0
12686_15,4.5
12687_2,8.5
12688_115,4.5
12689_56,13.0
12690_33,5.5
12691_44,8.5
12692_56,8.5
12693_2,9.5
12694_28,4.0
12695_62,3.0
12696_166,5.0
12697_30,9.5
12698_72,3.5
12699_28,23.0
12700_9,2.5
12701_1,9.5
12702_13,3.0
12703_6,12.5
12704_26,4.0
12705_9,2.5
12706_2,8.0
12707_26,3.0
12708_91,6.0
12709_63,5.5
12711_19,4.5
12712_9,3.0
12713_365,7.0
12714_38,4.0
12715_30,40.0
12716_3,5.0
12717_65,4.5
12718_43,4.5
12720_71,4.5
12721_4,3.5
12724_81,7.0
12726_3,3.5
12727_7,4.0
12729_12,5.0
12730_3,4.0
12731_12,5.5
12732_13,4.0
12734_112,3.5
12735_39,4.0
12737_12,4.0
12738_43,4.0
12740_55,4.5
12742_160,4.5
12743_18,2.5
12746_4,3.0
12747_89,8.5
12748_6,3.0
12750_9,2.5
12751_26,2.5
12753_6,4.0
12754_14,4.0
12756_3,3.5
12758_47,4.5
12759_47,2.5
12760_34,3.5
12761_12,3.0
12763_69,3.5
12764_3,3.5
12766_33,4.0
12768_3,3.0
12771_19,3.0
12772_8,3.0
12774_12,4.0
12775_6,6.5
12777_11,4.5
12779_30,3.5
12781_2,3.0
12783_29,3.5
12784_10,3.0
12785_49,5.0
12786_61,3.0
12787_47,4.0
12788_6,6.5
12790_10,5.0
12793_4,4.0
12794_6,3.0
12795_2,3.5
12796_44,4.0
12798_46,4.5
12799_65,2.0
12800_5,4.5
12801_33,3.0
12803_9,3.0
12804_5,5.5
12807_89,2.5
12808_103,3.0
12811_55,3.0
12812_25,6.0
12813_18,3.5
12814_17,3.5
12815_9,3.0
12817_1,5.5
12818_159,7.0
12820_1,4.5
12821_6,3.5
12822_34,4.0
12825_18,4.5
12826_5,6.0
12827_37,6.0
12830_4,2.5
12831_21,3.5
12832_10,3.0
12834_3,2.5
12835_101,3.5
12838_28,4.5
12842_43,4.0
12843_6,5.0
12844_10,4.5
12845_18,9.0
12846_3,3.0
12847_27,6.0
12848_9,4.0
12849_25,3.5
12851_5,3.0
12853_112,5.0
12854_3,4.0
12855_16,5.0
12856_14,2.5
12859_33,4.5
12860_7,3.0
12861_13,8.0
12862_14,5.5
12864_9,5.5
12867_40,3.0
12869_68,10.0
12871_10,4.0
12872_35,4.5
12873_11,3.0
12875_28,3.0
12876_39,4.0
12878_60,4.0
12879_5,3.0
12880_1,3.0
12881_17,3.0
12882_7,4.0
12885_42,4.0
12888_18,4.0
12891_1,5.0
12892_10,4.5
12893_159,4.0
12894_3,4.0
12895_28,4.0
12898_5,23.0
12900_29,19.0
12904_180,4.5
12906_137,3.5
12912_25,10.0
12915_26,3.0
12916_3,3.5
12921_51,8.5
12923_51,5.0
12925_105,13.5
12931_16,6.0
12933_17,26.0
12934_1,3.5
12936_38,3.5
12939_1,17.0
12940_35,2.0
12941_24,4.0
12945_33,19.0
12954_71,4.0
12956_40,5.5
12957_62,5.5
12958_8,4.5
12960_9,6.5
12963_1,4.0
12968_2,10.0
12970_35,6.0
12975_11,3.0
12976_49,4.0
12980_31,5.5
12986_12,26.0
12987_12,3.5
12988_49,3.5
12990_39,3.5
12991_49,5.5
12993_21,6.0
13007_66,19.0
13011_20,32.0
13013_41,4.5
13021_12,6.5
13022_20,12.0
13023_8,3.0
13025_4,3.0
13027_20,3.0
13028_2,5.0
13032_1,3.5
13039_1,15.5
13041_47,2.5
13042_7,4.0
13043_157,5.0
13044_5,4.5
13053_6,5.0
13054_87,3.0
13055_53,13.5
13056_18,3.5
13059_33,3.5
13062_4,4.5
13066_42,4.0
13067_5,2.5
13068_139,23.0
13073_14,6.0
13076_4,7.5
13078_3,5.0
13082_9,5.5
13083_18,9.5
13085_18,2.5
13088_397,3.5
13089_6,5.0
13090_17,4.0
13093_6,4.5
13094_75,4.0
13095_51,8.0
13097_11,2.5
13098_93,5.5
13101_60,3.0
13102_1,4.0
13103_125,3.5
13104_32,3.5
13105_7,9.5
13107_9,5.0
13109_82,3.0
13111_79,3.0
13112_179,4.0
13113_7,3.0
13114_50,5.0
13116_25,4.5
13117_232,13.0
13118_5,3.5
13119_26,2.5
13122_19,5.0
13123_3,4.0
13124_20,4.5
13125_45,5.0
13126_52,5.0
13129_40,4.0
13130_150,5.5
13131_5,11.5
13132_14,5.5
13133_73,5.5
13228_75,7.5
13229_20,6.5
13230_174,5.0
13231_90,2.5
13236_25,6.0
13240_170,3.5
13242_134,5.5
13256_21,4.0
13268_45,4.0
13374_4,5.0
13375_48,3.0
13377_3,4.5
13378_80,4.5
13381_49,5.0
13384_110,5.5
13386_248,4.0
13387_55,3.0
13388_57,2.5
13389_8,8.0
13392_13,2.5
13393_46,4.5
13397_88,7.5
13399_33,3.5
13403_5,5.5
13405_61,3.5
13406_161,3.0
13408_23,3.5
13409_9,2.5
13411_21,4.0
13412_5,4.0
13416_8,5.0
13421_17,2.5
13422_66,3.0
13423_94,3.0
13424_51,3.5
13427_66,3.5
13429_3,4.0
13430_50,3.5
13431_74,3.0
13432_9,3.0
13434_172,4.0
13435_31,3.5
13436_54,4.5
13438_115,3.0
13439_6,5.5
13441_30,4.5
13447_42,8.0
13449_25,2.5
13450_49,6.0
13451_2,8.0
13452_113,2.5
13453_2,14.0
13455_10,3.5
13457_33,3.5
13459_30,4.5
13460_4,4.0
13463_1,5.0
13464_8,3.0
13465_5,3.5
13468_5,3.0
13470_43,3.0
13472_35,3.5
13473_55,4.0
13474_40,4.5
13475_10,5.0
13476_16,3.0
13477_65,7.0
13479_8,3.5
13481_24,3.0
13482_14,4.5
13484_69,4.5
13485_20,4.5
13486_9,3.0
13487_24,4.0
13488_3,4.5
13490_1,5.5
13491_40,4.5
13492_44,5.5
13493_5,4.0
13494_6,4.0
13495_48,5.5
13496_19,7.0
13497_34,3.5
13498_1,3.5
13499_30,5.5
13500_9,10.5
13501_10,5.5
13502_2,6.5
13503_19,7.5
13504_147,5.5
13506_10,14.5
13507_51,17.5
13509_5,3.0
13510_7,2.0
13511_29,3.5
13512_28,3.0
13513_174,3.0
13514_121,6.5
13515_8,2.5
13516_46,3.0
13517_3,3.0
13518_5,3.5
13519_112,3.0
13522_20,4.5
13524_25,5.0
13525_17,6.5
13526_5,4.5
13529_39,2.5
13530_5,3.0
13532_25,2.5
13534_20,4.0
13535_2,5.5
13536_56,3.0
13539_131,7.5
13540_1,9.5
13541_1,3.5
13543_7,5.0
13544_9,9.0
13545_97,5.0
13547_5,5.0
13548_53,12.0
13549_15,4.0
13552_7,5.0
13553_4,6.0
13554_78,2.5
13556_28,3.5
13557_3,4.5
13561_5,4.0
13563_259,2.5
13565_2,3.0
13566_2,5.0
13567_1,4.5
13568_30,7.5
13570_43,3.0
13572_43,5.0
13573_5,6.0
13574_50,5.0
13575_40,8.0
13576_15,2.5
13577_25,4.5
13578_98,10.0
13580_2,3.0
13583_19,3.0
13587_10,6.0
13588_11,5.5
13589_10,3.5
13590_1,3.0
13591_31,3.5
13594_158,6.0
13595_20,6.5
13596_3,6.0
13597_20,6.0
13599_15,7.0
13602_6,3.0
13603_7,5.0
13604_27,5.0
13605_16,7.5
13609_11,3.5
13610_9,4.0
13612_7,4.0
13613_23,13.0
13614_6,3.0
13615_60,8.0
13618_15,4.5
13620_10,3.0
13621_31,8.0
13622_16,6.0
13623_4,4.5
13624_17,4.0
13625_19,4.0
13628_58,3.0
13629_25,4.5
13631_1,2.5
13632_10,4.0
13634_209,4.5
13636_20,8.5
13639_101,4.5
13640_5,3.0
13642_90,4.0
13644_30,5.0
13645_14,8.5
13650_11,8.5
13651_54,3.5
13652_2,3.5
13653_335,8.5
13654_1,4.5
13655_34,3.0
13657_2,5.0
13658_31,8.5
13659_36,6.5
13660_76,6.0
13661_193,2.5
13663_2,11.0
13665_35,5.5
13666_222,3.5
13668_44,4.0
13669_6,11.0
13670_81,2.5
13671_40,5.0
13672_3,6.5
13673_21,19.0
13676_46,7.5
13678_169,4.5
13680_3,3.5
13681_173,5.0
13682_47,5.0
13683_18,29.0
13686_2,5.5
13687_5,4.0
13688_2,3.5
13689_2,4.5
13690_26,5.5
13691_10,7.0
13692_154,3.0
13693_5,3.5
13694_24,4.0
13697_51,8.0
13698_28,3.0
13699_6,4.0
13700_10,7.0
13701_2,5.5
13704_5,4.0
13706_12,8.0
13707_27,5.5
13708_56,3.5
13710_6,6.5
13711_10,3.0
13712_104,7.0
13713_164,7.5
13717_15,5.0
13719_19,4.5
13720_95,3.5
13722_105,5.5
13723_6,4.0
13724_27,5.0
13725_3,3.5
13726_4,10.0
13727_44,6.5
13728_19,4.0
13729_26,8.5
13730_18,5.5
13731_14,4.5
13732_79,2.0
13733_5,4.5
13734_22,4.0
13735_1,3.0
13738_8,6.0
13739_3,10.5
13740_51,3.0
13741_36,5.5
13742_66,8.0
13743_56,3.5
13744_37,4.5
13745_10,2.5
13747_9,3.0
13748_4,4.5
13924_13,5.5
13926_1,6.5
13929_27,3.5
13930_3,4.5
13931_22,9.0
13932_45,10.5
13933_276,8.5
13934_3,4.0
13936_24,3.5
13937_75,3.0
13939_14,6.5
13940_19,4.5
13941_82,4.5
13942_140,4.0
13943_38,4.0
13944_3,4.5
13946_8,4.5
13947_371,3.5
13948_50,6.0
13950_9,7.5
13954_9,6.0
13955_33,4.0
13958_5,4.0
13959_7,9.5
13960_15,7.0
13961_18,4.5
13963_7,6.5
13966_30,9.0
13967_14,4.0
13969_24,8.0
13972_4,3.0
13973_62,4.0
13975_56,9.0
13976_9,3.0
13977_28,2.5
13978_122,4.5
13979_3,3.5
13982_33,7.5
13983_27,8.0
13984_23,3.0
13985_12,5.0
13986_6,6.0
13988_67,4.0
13990_1,4.0
13991_47,2.5
13992_12,3.5
13993_20,5.0
13994_1,10.5
13996_16,3.5
13998_26,6.0
14002_18,3.0
14005_2,2.5
14006_36,5.0
14007_22,3.0
14008_22,4.0
14009_65,2.5
14011_17,3.0
14012_17,2.5
14013_11,4.5
14019_73,3.0
14021_81,5.0
14022_17,3.5
14023_84,4.5
14024_196,7.5
14025_18,2.5
14026_24,4.0
14028_22,7.5
14029_42,4.0
14030_21,13.0
14031_18,4.0
14032_2,4.5
14034_22,3.0
14035_13,3.5
14036_116,2.5
14037_18,4.5
14038_130,6.0
14039_33,3.5
14041_13,4.0
14042_11,4.5
14043_12,10.0
14045_12,5.5
14047_78,3.0
14048_7,5.5
14049_17,5.0
14050_61,3.5
14051_54,3.5
14052_26,4.5
14054_17,5.0
14056_4,3.5
14057_68,4.5
14060_67,24.0
14061_48,3.5
14063_17,2.5
14064_21,3.0
14065_11,4.5
14066_49,4.5
14067_6,6.0
14068_29,3.5
14069_61,4.0
14070_56,3.0
14072_9,7.5
14073_31,7.0
14074_2,2.5
14076_74,5.0
14077_6,3.5
14078_69,4.0
14079_14,4.5
14081_5,4.5
14082_56,4.0
14083_25,6.0
14084_191,4.0
14085_28,4.0
14086_11,6.5
14088_38,9.0
14090_23,4.5
14091_42,4.0
14093_10,2.5
14094_29,4.5
14095_1,3.0
14097_86,3.0
14098_28,3.5
14099_20,5.5
14100_63,6.0
14101_2,5.0
14102_6,4.0
14103_12,4.0
14104_1,3.0
14105_5,6.5
14106_46,3.5
14107_1,6.0
14108_15,4.5
14109_15,2.5
14110_200,3.0
14111_15,4.0
14112_40,6.5
14114_18,4.0
14115_34,3.5
14116_129,3.5
14120_2,7.0
14121_24,7.5
14122_132,2.5
14123_34,4.5
14124_6,3.5
14125_5,5.5
14127_240,3.5
14128_121,3.0
14129_1,4.0
14131_37,4.0
14132_21,3.0
14133_93,3.5
14134_49,8.0
14135_3,2.0
14136_234,3.5
14139_16,3.0
14143_8,9.0
14144_3,6.5
14146_92,5.5
14148_2,2.5
14149_9,3.0
14150_7,15.0
14151_4,3.5
14153_8,2.5
14156_33,4.0
14157_21,4.5
14158_17,4.5
14175_78,5.5
14178_18,3.5
14186_13,4.5
14192_31,4.5
14197_2,12.0
14203_3,8.5
14204_55,3.5
14205_6,2.5
14206_28,4.0
14208_3,10.5
14216_35,10.0
14226_120,5.0
14227_21,3.0
14228_1,6.5
14229_5,12.5
14237_1,5.0
14245_195,17.5
14246_50,5.0
14249_68,4.5
14250_115,5.0
14254_27,3.0
14256_4,3.5
14260_112,3.0
14268_4,10.0
14271_23,6.0
14273_19,10.5
14283_12,3.5
14284_23,60.0
14286_2,9.5
14287_6,6.0
14291_53,6.5
14294_61,4.5
14308_192,7.5
14309_8,5.5
14314_6,17.0
14318_1,4.5
14324_52,5.5
14326_4,5.5
14329_4,2.5
14331_262,7.5
14332_3,4.0
14334_3,4.0
14337_1,3.5
14341_8,3.5
14583_49,11.0
14587_16,6.0
14593_152,8.5
14597_5,3.5
14599_18,4.5
14603_51,4.5
14605_2,70.0
14614_41,4.5
14615_46,6.0
14616_16,4.0
14617_7,2.5
14618_26,3.5
14619_8,3.0
14623_26,5.0
14624_51,3.0
14628_72,3.0
14631_22,5.5
14633_26,9.5
14634_13,2.5
14635_28,3.0
14636_25,5.0
14645_253,11.5
14655_1,4.5
14662_6,6.5
14663_44,4.0
14670_1,5.0
14674_63,3.0
14675_20,7.5
14684_17,4.5
14685_17,3.0
14687_6,7.0
14688_6,3.0
14689_3,4.0
14692_3,22.0
14696_45,6.5
14703_6,6.5
14705_1,4.5
14708_59,10.0
14711_27,8.0
14713_46,4.0
14747_9,5.0
14748_31,4.0
14755_4,2.0
14756_29,5.0
14757_144,70.0
14759_149,7.0
15295_81,42.0
15297_3,13.0
15298_199,4.0
15299_102,6.5
15300_66,3.5
15301_24,5.0
15303_63,9.5
15304_1,4.5
15305_7,4.5
15306_20,2.5
15308_108,5.0
15310_61,4.5
15312_14,6.0
15313_28,4.0
15314_49,4.5
15315_64,3.0
15316_262,4.5
15318_75,5.5
15319_226,4.0
15321_8,4.0
15322_35,8.5
15323_112,6.0
15324_58,3.5
15325_14,6.0
15326_64,6.5
15329_167,15.0
15331_47,11.0
15333_11,5.5
15336_7,5.0
15339_32,38.0
15343_337,11.0
15346_31,9.0
15347_12,11.0
15358_28,16.5
15361_37,2.0
15363_32,4.0
15364_101,10.0
15365_41,4.0
15367_38,23.0
15368_3,4.0
15370_5,4.5
15372_43,2.5
15374_15,8.5
15375_49,2.5
15376_134,4.0
15381_45,2.5
15383_200,4.0
15384_15,4.5
15385_116,3.5
15386_7,8.0
15387_44,4.5
15388_24,4.5
15389_1,3.5
15390_3,7.0
15391_114,4.0
15394_79,6.5
15395_15,4.0
15398_2,4.0
15402_2,3.0
15403_53,3.0
15404_3,3.5
15405_23,2.5
15412_40,4.0
15413_3,3.0
15414_316,11.0
15416_54,6.0
15417_3,3.5
15418_25,4.5
15419_15,8.5
15422_12,5.0
15426_5,4.5
15427_35,6.5
15430_165,7.5
15431_31,3.5
15432_1,3.0
15433_4,5.5
15434_5,3.5
15435_4,3.0
15436_40,2.5
15437_11,2.0
15439_21,2.5
15440_57,2.5
15441_6,4.0
15444_45,4.0
15446_25,4.5
15447_45,6.0
15448_47,3.0
15449_33,6.5
15452_5,7.0
15453_3,6.5
15455_40,5.0
15457_14,4.0
15460_9,6.0
15462_28,6.5
15465_79,7.5
15466_30,4.5
15467_10,7.5
15468_14,5.0
15470_11,3.5
15471_29,4.0
15472_16,4.0
15474_7,5.0
15475_4,5.5
15476_6,3.5
15480_2,5.0
15481_45,6.5
15482_12,3.0
15483_377,4.5
15486_126,5.5
15487_164,7.5
15491_20,4.5
15492_1,4.5
15494_11,3.5
15495_9,2.5
15497_9,4.0
15499_11,7.0
15503_15,6.0
15503_20,7.0
15504_39,2.5
15506_34,2.5
15509_2,4.0
15511_37,5.5
15513_108,2.5
15514_26,4.0
15515_2,5.0
15516_12,6.0
15521_4,3.5
15522_2,5.5
15523_9,4.5
15524_30,4.5
15525_294,4.5
15526_33,3.0
15527_90,3.5
15529_33,8.5
15530_33,4.5
15533_97,5.5
15534_26,10.0
15535_3,4.0
15539_15,5.0
15540_6,4.5
15542_19,10.0
15544_25,5.5
15545_13,6.5
15548_35,4.5
15553_22,2.5
15556_49,3.0
15558_63,12.0
15559_5,3.0
15560_52,12.0
15562_24,4.5
15565_102,4.5
15566_10,4.5
15567_2,2.5
15569_15,3.5
15570_99,5.0
15573_110,5.5
15574_37,4.0
15576_158,7.5
15579_26,5.0
15580_2,2.5
15581_16,5.0
15582_25,3.5
15583_18,3.0
15584_9,4.0
15585_304,5.0
15587_20,3.5
15588_17,3.0
15589_1,5.5
15591_28,4.5
15594_47,5.0
15596_7,5.0
15602_43,4.0
15603_20,3.5
15604_18,5.0
15606_19,5.5
15607_56,5.0
15608_5,3.0
15610_72,5.5
15612_5,4.0
15613_16,3.0
15614_168,6.5
15615_8,5.0
15617_8,3.0
15619_49,4.5
15620_4,3.5
15622_13,5.0
15623_1,2.5
15626_223,2.5
15627_83,5.5
15631_18,4.0
15633_6,7.5
15634_139,3.5
15635_4,7.5
15636_49,3.5
15637_38,3.5
15640_54,5.0
15641_20,2.0
15644_1,7.5
15653_9,4.0
15666_21,4.0
15667_39,4.0
15668_19,7.5
15669_7,5.5
15670_15,6.5
15674_3,3.5
15675_3,18.0
15678_71,7.5
15686_49,3.5
15688_30,3.0
15692_300,3.5
15693_9,6.0
15698_6,5.0
16015_19,10.0
16021_30,30.0
16035_8,3.5
16043_30,4.5
16049_43,80.0
16055_3,10.0
16057_6,3.0
16060_99,6.0
16070_7,3.0
16074_12,5.0
16079_2,7.0
16081_38,24.0
16288_17,3.5
16292_288,4.0
16293_1,4.0
16296_43,5.0
16297_14,4.0
16298_84,6.0
16299_13,16.0
16300_4,4.5
16302_11,7.0
16304_6,4.0
16305_10,8.0
16307_22,5.5
16308_14,10.5
16309_30,6.5
16312_45,11.5
16315_105,4.0
16317_20,4.5
16318_12,3.5
16320_139,5.5
16322_10,3.0
16323_8,3.5
16324_38,7.0
16535_61,3.5
16536_3,3.0
16551_14,5.5
16558_2,4.5
16561_9,9.0
16583_8,5.5
16585_16,10.5
16587_1,42.0
16588_10,23.0
16591_71,3.0
16593_3,3.5
16594_44,5.5
16596_25,6.0
16597_11,3.0
16599_38,3.5
16605_2,3.0
16606_85,4.5
16607_78,9.0
16609_106,7.0
16610_13,4.5
16612_28,9.0
16613_3,3.0
16614_27,5.5
16616_137,6.5
16617_14,25.0
16618_7,7.0
16620_26,6.0
16621_77,3.5
16746_12,4.5
16748_1,9.5
16749_79,5.5
16751_15,3.5
16753_46,2.5
16754_40,6.0
16755_195,5.0
16756_30,5.0
16758_96,4.0
16760_2,6.5
16763_11,5.0
16765_52,3.5
16768_3,5.0
16769_20,4.0
16770_3,5.0
16773_29,4.0
16780_6,5.5
16781_2,3.5
16785_45,4.5
16792_4,10.5
16802_31,10.0
16803_4,7.0
16805_5,8.0
16807_35,11.0
16809_1,5.5
16810_3,4.5
16814_13,6.0
16818_200,4.0
16823_75,5.0
16825_20,4.5
16828_8,3.5
16831_7,4.5
16836_1,3.0
16837_20,65.0
16845_15,4.0
16847_39,4.0
16850_5,4.5
16851_50,4.5
16852_10,4.5
16853_5,3.5
16854_17,8.0
16856_79,8.5
16857_2,3.0
16858_384,3.0
16859_100,3.0
16863_47,3.0
16865_62,4.0
16867_76,3.5
16872_248,5.0
16875_13,3.5
16877_19,4.0
16882_27,6.0
16883_57,4.5
16885_49,11.5
16887_29,3.0
16890_37,6.5
16892_23,7.0
16899_59,3.5
16900_29,3.5
16902_17,4.0
16907_3,6.0
16908_5,4.0
16913_8,9.0
16914_104,5.0
16915_153,3.5
16916_19,3.0
16918_198,4.5
16919_1,5.0
16922_53,3.0
16923_20,3.0
16926_44,2.5
16927_9,4.5
16932_5,2.5
17137_160,5.5
17138_8,3.5
17140_57,8.5
17145_1,10.5
17148_7,9.5
17150_8,8.5
17151_84,5.0
17152_10,1.5
17153_46,4.0
17154_2,15.0
17155_1,13.0
17156_72,4.0
17158_17,6.0
17161_1,6.0
17163_117,7.0
17164_15,3.5
17165_1,6.0
17166_4,3.5
17170_15,3.5
17172_19,4.5
17175_5,5.0
17176_13,6.5
17195_43,5.0
17196_5,2.5
17199_43,5.0
17200_50,10.0
17202_37,3.5
17204_17,3.0
17205_21,5.5
17209_27,7.0
17210_2,3.5
17224_12,4.0
17231_1,6.5
17319_1,3.0
17320_19,6.5
17325_10,5.5
17326_44,3.0
17327_3,3.0
17329_2,4.0
17331_138,3.0
17332_3,6.0
17333_20,9.0
17335_18,4.5
17336_54,4.0
17337_1,3.5
17341_89,15.5
17342_13,6.5
17343_6,3.0
17344_23,3.5
17345_12,6.0
17346_61,3.5
17347_80,8.5
17348_5,5.5
17350_13,7.0
17355_56,3.5
17356_34,2.5
17357_33,3.0
17362_5,5.0
17364_8,4.5
17365_7,5.5
17366_6,3.0
17367_5,3.5
17370_186,4.5
17372_5,2.5
17377_1,4.5
17380_2,9.0
17383_4,4.0
17384_110,4.0
17387_27,3.5
17391_10,4.0
17393_13,9.0
17396_23,4.5
17397_8,4.0
17398_55,4.0
17400_71,4.5
17403_14,5.0
17404_5,3.5
17405_2,4.5
17408_2,3.5
17410_5,4.0
17411_55,5.5
17419_17,2.0
17427_26,5.5
17432_25,8.5
17435_43,6.5
17436_193,4.0
17441_4,5.5
17447_52,4.0
17449_23,4.5
17450_51,8.5
17451_13,7.0
17453_34,10.5
17454_15,3.5
17455_42,14.0
17456_53,4.5
17460_51,7.0
17462_19,3.0
17466_72,3.0
17467_1,2.5
17468_1,5.0
17474_106,3.0
17475_18,4.5
17490_4,4.5
17495_141,4.5
17505_125,6.0
17509_6,10.5
17510_7,3.0
17511_10,6.0
17512_2,6.5
17513_11,7.0
17514_48,7.5
17515_6,3.0
17516_7,16.0
17671_58,3.0
17672_184,3.0
17673_34,7.5
17675_17,8.5
17676_13,8.0
17677_47,65.0
17678_28,3.0
17680_12,3.5
17682_1,3.5
17683_2,3.0
17685_9,4.0
17686_27,7.5
17691_1,2.5
17692_2,5.0
17693_2,5.5
17694_32,7.0
17696_1,3.5
17697_2,5.0
17698_15,4.5
17699_43,4.0
17702_53,3.0
17703_40,2.5
17704_74,3.0
17706_4,5.5
17710_40,19.0
17711_13,3.0
17712_7,4.5
17721_82,3.0
17722_5,8.5
17724_3,4.0
17725_37,4.0
17726_3,7.0
17727_1,2.5
17728_61,5.0
17729_20,4.0
17734_13,5.5
17735_130,3.0
17736_105,3.0
17737_7,7.0
17738_7,5.5
17739_1,8.0
17742_2,7.0
17743_14,7.0
17744_31,6.5
17746_77,2.5
17747_45,9.0
17748_21,4.0
17750_8,4.0
17751_68,4.5
17752_24,3.0
17755_5,5.0
17756_69,4.5
17757_86,3.5
17758_79,3.0
17760_128,4.5
17761_2,3.5
17764_108,5.0
17765_3,5.0
17766_5,3.5
17768_50,4.5
17769_28,6.0
17770_42,4.5
17771_35,12.5
17772_7,6.0
17773_26,4.5
17774_38,4.5
17775_8,7.0
17776_15,4.5
17777_31,2.5
17778_19,8.0
17781_191,7.0
17782_23,5.0
17783_9,3.5
17784_23,5.0
17785_11,3.5
17786_5,4.0
17787_1,19.5
17789_1,5.5
17791_25,4.0
17792_158,4.5
17793_4,3.0
17794_6,7.5
17795_176,3.5
17796_15,5.5
17797_1,3.0
17799_9,3.5
17800_33,2.5
17802_4,8.5
17804_102,4.0
17805_35,6.0
17806_6,7.0
17808_37,7.0
17811_78,6.5
17812_2,2.5
17813_21,3.0
17814_8,4.5
17816_58,3.5
17817_22,6.0
17818_22,8.0
17819_30,6.5
17820_170,5.5
17821_20,4.0
17822_57,6.0
17823_40,5.0
17826_341,8.5
17827_53,4.0
17828_3,3.5
17829_2,3.0
17832_12,3.0
17835_28,3.0
17836_17,2.0
17837_5,6.5
17843_30,9.0
17849_6,5.0
17850_42,2.5
17852_5,5.5
17854_33,2.5
17855_28,2.5
17856_23,5.5
17857_6,2.5
18156_7,3.5
18158_45,7.5
18160_2,3.5
18162_167,4.5
18165_181,3.0
18166_4,3.5
18170_46,2.5
18171_25,3.0
18172_71,2.5
18173_11,4.0
18174_79,2.5
18175_65,3.0
18177_49,4.0
18178_13,2.5
18179_56,3.0
18180_58,5.0
18181_2,5.5
18182_24,11.5
18183_3,8.5
18184_28,23.0
18185_118,3.0
18186_15,7.5
18187_16,4.5
18188_12,7.5
18189_12,18.5
18190_15,6.5
18191_23,4.0
18192_69,23.0
18193_165,3.5
18194_18,12.5
18195_3,32.0
18196_8,5.0
18197_97,3.5
18198_51,4.0
18202_22,5.0
18203_9,6.0
18204_1,4.5
18205_123,4.0
18206_18,3.5
18207_6,4.5
18208_3,9.0
18210_12,6.5
18212_43,8.0
18213_30,4.5
18214_2,4.0
18215_5,3.5
18216_22,3.5
18218_48,4.0
18220_141,4.0
18222_34,6.0
18224_11,9.0
18225_13,10.5
18226_148,5.5
18227_3,3.5
18228_30,4.5
18231_147,10.0
18232_42,6.0
18233_10,7.0
18235_16,6.0
18236_3,4.5
18237_29,3.0
18240_6,6.0
18241_18,5.0
18242_8,5.0
18243_9,3.5
18244_1,8.5
18253_8,4.5
18255_6,3.5
18257_64,4.5
18259_15,3.5
18261_34,3.5
18264_12,2.5
18265_18,3.5
18267_74,2.5
18268_5,3.0
18270_10,9.0
18271_43,6.0
18273_14,3.5
18274_2,3.0
18275_5,6.0
18276_34,3.5
18277_28,3.0
18280_29,4.0
18282_1,10.0
18284_77,2.5
18285_6,8.0
18286_3,12.0
18289_16,4.0
18290_6,5.0
18291_8,5.5
18294_26,3.0
18295_102,6.5
18297_8,4.5
18299_13,3.5
18300_39,5.5
18301_10,7.0
18302_204,11.0
18303_39,11.0
18304_19,3.0
18306_1,6.5
18307_71,4.0
18308_30,4.0
18309_18,9.5
18310_26,3.5
18311_44,24.0
18312_68,3.0
18313_4,3.0
18314_88,4.0
18315_38,6.0
18316_75,2.0
18317_111,4.0
18318_98,6.5
18319_7,7.0
18321_38,5.5
18322_15,4.5
18323_39,2.5
18324_61,3.5
18326_50,4.0
18327_6,3.5
18328_36,8.0
18329_4,5.5
18330_7,3.5
18331_3,6.0
18332_17,6.0
18336_31,5.0
18337_4,3.5
18338_26,10.5
18339_207,2.5
18340_2,5.5
18342_2,4.0
18343_10,4.5
18347_15,4.0
18348_89,4.0
18373_13,4.0
18375_28,13.5
18376_19,3.5
18380_78,4.5
18381_16,7.0
18382_109,3.0
18383_9,12.5
18385_4,3.0
18386_36,2.5
18387_7,9.0
18389_11,3.0
18392_19,5.0
18395_5,5.0
18396_10,3.5
18397_5,6.0
18398_1,4.0
18399_1,11.5
18400_52,3.5
18401_18,4.0
18402_1,5.0
18403_25,5.0
18404_22,4.0
18405_117,3.0
18407_36,4.5
18408_26,4.5
18409_61,6.0
18410_26,65.0
18411_83,6.5
18413_24,4.5
18414_26,4.0
18415_16,4.0
18416_3,3.5
18417_3,10.0
18419_20,5.5
18422_41,3.5
18429_10,9.0
18432_32,32.0
18434_141,4.0
18435_40,8.0
18449_33,18.0
18458_4,5.0
18483_36,11.0
18813_15,5.0
18814_21,3.5
18817_50,5.0
18819_21,3.0
18821_9,5.5
18823_52,10.0
18824_7,4.0
18829_4,8.0
18830_1,6.5
18831_6,3.0
18832_65,4.5
18833_76,4.5
18837_9,6.5
18839_24,12.0
18840_205,5.5
18841_1,4.5
18842_24,5.5
18859_7,3.5
18860_2,3.5
18863_176,3.5
18864_7,3.5
18866_8,12.5
18868_7,4.0
18870_1,4.5
18871_24,3.5
18873_8,4.5
18874_66,4.0
18875_125,4.5
18876_77,3.5
18877_15,3.5
18878_15,2.5
18880_81,6.0
18881_7,4.5
18882_7,4.5
18883_4,9.0
18884_22,4.5
18886_28,4.0
18887_7,2.5
18888_37,4.0
18890_227,8.0
18891_98,5.5
18892_48,4.0
18893_26,7.0
18894_1,3.0
18895_54,5.0
18896_23,4.5
18897_31,5.5
18898_36,2.5
18899_82,4.0
18900_37,3.0
18901_26,6.0
18904_23,3.0
18905_5,4.0
18907_97,6.5
18909_11,2.5
18910_45,3.5
18913_3,3.5
18914_188,4.5
18916_25,5.5
18917_53,5.5
18918_86,3.0
18921_30,4.5
18922_27,4.5
18925_24,9.5
18926_7,3.0
18927_14,7.0
18928_10,3.5
18930_28,5.5
18931_40,3.0
18932_84,2.5
18933_4,2.5
18934_50,8.0
18935_14,2.5
18938_3,12.5
18942_11,7.5
18943_4,5.0
18945_11,7.0
18947_3,3.5
18950_13,5.0
19108_50,2.5
19109_32,4.0
19110_6,3.5
19111_10,3.5
19112_2,4.0
19113_66,5.0
19114_8,3.5
19115_13,4.5
19116_1,3.5
19117_3,6.0
19118_47,3.5
19119_10,5.0
19120_33,3.5
19121_3,4.0
19122_47,7.0
19123_6,4.0
19124_9,5.5
19125_26,3.5
19126_4,3.5
19127_1,6.0
19129_15,4.0
19130_81,3.0
19131_184,3.5
19132_1,4.0
19134_66,3.0
19135_5,3.5
19136_22,5.0
19139_3,3.5
19141_22,7.0
19142_39,2.5
19143_38,5.0
19144_9,5.0
19145_4,3.0
19147_6,4.5
19148_58,4.5
19150_20,6.0
19152_4,4.5
19153_53,2.5
19154_41,6.0
19158_1,3.0
19159_9,3.5
19161_1,4.5
19163_26,9.5
19166_15,3.5
19168_71,4.0
19169_88,4.5
19170_25,2.0
19173_5,7.0
19174_141,5.0
19175_18,3.5
19176_27,3.5
19177_7,3.5
19180_38,13.5
19183_164,6.5
19187_21,3.5
19188_21,3.5
19189_2,7.5
19190_4,7.0
19193_18,6.5
19194_9,8.0
19195_85,4.0
19196_73,4.5
19197_95,7.0
19199_3,3.0
19200_16,2.5
19202_10,10.0
19206_20,4.5
19207_119,4.5
19208_8,8.5
19209_6,6.5
19212_4,4.0
19213_1,7.0
19215_7,3.5
19219_71,4.0
19222_124,7.5
19223_6,5.0
19224_5,9.0
19225_11,2.5
19227_18,3.5
19228_11,3.5
19229_92,6.5
19230_12,3.0
19231_22,3.5
19233_75,4.5
19236_24,6.5
19237_17,7.0
19238_12,4.0
19239_5,3.5
19240_265,7.5
19241_31,5.0
19242_21,2.5
19243_2,3.0
19247_1,10.0
19249_18,8.0
19250_50,5.5
19251_56,6.5
19252_67,2.5
19253_82,4.0
19254_125,6.0
19255_124,4.0
19257_11,5.0
19258_24,4.5
19259_176,7.5
19260_4,3.5
19261_12,2.5
19262_219,8.5
19263_147,10.0
19264_6,4.5
19265_9,11.0
19266_35,8.0
19267_14,8.0
19270_26,7.0
19271_64,5.0
19272_9,4.0
19273_3,4.0
19274_80,5.5
19275_68,5.5
19276_124,4.0
19277_4,5.0
19278_19,5.5
19279_42,4.0
19280_29,4.0
19281_86,3.5
19282_3,4.5
19286_30,3.0
19287_59,5.0
19289_29,6.0
19290_5,2.5
19291_2,4.0
19293_6,8.5
19294_26,9.0
19295_32,8.5
19296_51,4.0
19297_4,4.0
19302_7,4.5
19303_64,9.5
19310_81,11.5
19311_15,2.5
19316_2,12.0
19317_114,3.5
19323_1,5.0
19325_21,3.5
19327_31,13.5
19328_51,3.5
19329_31,3.0
19331_18,3.0
19332_1,4.0
19333_4,4.5
19334_62,6.5
19335_2,6.5
19338_3,6.0
19341_36,9.5
19347_37,5.0
19353_25,2.5
19356_20,14.0
19357_11,4.0
19360_22,2.5
19361_78,6.5
19364_163,4.5
19365_11,4.5
19366_8,9.0
19367_34,8.5
19369_17,4.0
19370_30,2.5
19371_18,5.5
19372_7,9.5
19373_3,8.0
19374_72,9.5
19376_74,3.0
19377_14,3.5
19379_154,4.0
19381_7,3.0
19383_131,4.0
19388_2,3.0
19392_6,4.5
19437_61,3.5
19438_68,4.0
19446_1,3.5
19448_104,4.0
19467_3,8.5
19482_11,12.0
19483_16,13.0
19488_1,6.0
19491_11,11.5
19492_5,2.5
19496_1,5.5
19503_2,15.0
19504_22,8.5
19506_6,10.0
19511_8,4.5
19516_10,4.5
19518_12,12.0
19523_215,4.5
19545_145,16.5
19553_14,4.0
19555_1,4.0
19556_12,2.5
19557_3,3.0
19558_10,5.5
19560_23,5.0
19561_216,2.5
19562_8,2.5
19563_3,3.0
19564_61,2.5
19567_1,4.5
19568_17,4.0
19570_12,3.0
19572_10,3.5
19574_5,6.5
19575_4,3.0
19578_19,8.0
19579_5,3.5
19581_15,15.5
19584_33,4.5
19586_89,6.5
19587_12,7.0
19590_46,3.5
19596_18,9.5
19601_15,4.0
19602_36,4.5
19606_28,3.5
19612_3,2.5
19613_16,5.0
19614_8,5.0
19615_213,6.0
19616_100,3.5
19617_5,7.0
19620_16,7.0
19622_7,5.5
19623_26,3.0
19630_2,4.0
19631_13,10.5
19635_69,7.5
19636_23,3.5
19637_9,3.5
19638_9,3.5
19639_53,4.0
19640_2,3.0
19742_3,6.5
19743_12,5.5
19748_3,5.0
19751_21,15.5
19752_197,8.5
19755_38,6.0
19760_26,11.0
19765_17,3.5
19767_20,9.5
19768_13,4.0
19774_8,4.5
19784_16,12.0
19786_26,3.5
19787_14,4.5
19788_6,10.0
19794_10,5.5
19797_4,3.5
19799_2,13.5
19802_22,6.0
19803_34,5.5
19808_26,8.0
19809_47,5.0
19819_7,8.5
19821_10,9.5
19823_75,10.0
19824_3,8.5
20054_28,6.0
20055_40,4.5
20056_7,4.0
20057_177,7.5
20064_24,15.5
20066_19,3.5
20067_26,7.0
20068_61,8.0
20069_23,3.0
20071_53,21.0
20073_22,7.5
20074_3,3.0
20075_130,4.5
20076_7,7.0
20078_6,6.5
20079_6,16.5
20081_14,4.5
20083_1,5.0
20086_5,4.5
20087_3,3.5
20089_172,3.5
20090_63,5.0
20091_138,6.0
20093_9,5.0
20103_176,8.0
20105_7,3.0
20106_80,3.5
20107_11,5.5
20110_25,5.0
20111_5,3.5
20116_30,4.0
20117_5,3.0
20120_101,3.0
20126_19,5.5
20127_102,6.0
20128_1,4.0
20130_144,7.5
20133_1,3.5
20134_27,10.0
20135_85,10.5
20137_49,10.0
20139_57,10.5
20141_42,4.0
20142_42,14.0
20159_1,6.0
20161_41,6.0
20165_4,9.5
20167_6,5.5
20173_39,6.5
20175_17,4.0
20181_17,3.5
20183_48,3.0
20185_44,4.0
20187_10,5.5
20189_28,2.5
20189_4,4.0
20191_13,5.0
20195_13,4.0
20197_14,3.0
20203_45,4.0
20205_55,3.0
20211_75,21.0
20213_82,3.0
20215_45,3.0
20217_26,4.5
20219_25,14.5
20221_26,5.0
20225_119,9.0
20229_67,6.0
20231_23,4.0
20237_38,3.5
20241_9,10.0
20243_26,5.0
20245_13,3.5
20247_17,6.0
20367_6,2.5
20370_6,4.5
20373_141,4.5
20374_41,5.5
20376_64,3.0
20378_110,4.5
20379_59,3.0
20380_50,3.0
20381_21,6.0
20382_8,2.5
20383_31,4.5
20385_21,2.0
20386_15,4.5
20387_277,6.5
20388_8,15.0
20389_36,4.0
20390_4,4.0
20393_10,5.5
20396_70,3.5
20398_60,9.0
20399_7,2.5
20401_19,4.5
20402_11,3.5
20408_11,6.0
20411_52,6.0
20423_40,4.0
20425_12,7.0
20426_34,15.5
20427_18,12.5
20428_5,2.5
20430_8,2.5
20432_6,3.0
20433_19,7.0
20434_23,3.0
20435_41,9.5
20436_93,5.5
20437_9,5.0
20439_14,7.0
20440_36,8.0
20441_35,5.0
20442_12,4.0
20443_37,8.0
20444_12,7.5
20445_29,6.5
20447_11,5.0
20448_7,3.0
20449_72,3.0
20451_126,7.5
20453_9,3.5
20454_24,3.0
20457_13,3.0
20458_22,6.5
20460_22,13.0
20461_58,2.5
20463_315,5.5
20464_7,5.0
20511_3,5.5
20512_2,4.5
20514_8,3.5
20516_11,4.5
20517_1,8.5
20518_11,17.0
20519_7,4.5
2052_1,7.0
20520_14,3.5
20521_83,6.5
20522_2,4.5
20524_38,3.5
20525_200,4.0
20526_3,3.0
20527_47,4.5
20528_23,3.5
20529_7,3.5
2053_2,7.0
20530_2,7.0
20531_5,4.0
20533_39,7.0
20534_6,2.5
20535_68,19.5
20536_11,6.0
20538_71,6.0
20539_4,4.5
2054_3,8.0
20540_65,3.0
20541_73,4.5
20542_47,3.5
20543_19,7.0
20544_103,3.5
20545_17,6.0
20546_71,6.0
20547_5,4.0
20549_1,4.0
2055_4,6.0
20550_38,2.5
20553_2,3.5
20557_19,5.0
20558_4,4.0
2056_5,6.0
20561_15,4.0
20562_78,6.0
20563_48,7.0
20564_53,11.0
20568_3,3.0
2057_6,6.0
20570_18,4.5
20572_6,9.5
20574_8,5.5
20575_82,5.5
20576_71,5.0
20577_5,6.0
20578_10,4.5
20579_50,3.5
2058_7,5.0
20581_42,7.5
20584_4,4.0
20585_5,4.0
20585_9,5.0
20586_18,3.5
20589_5,11.0
20590_13,6.5
20591_48,4.0
20592_8,14.5
20593_10,2.0
2060_9,5.0
2061_10,5.0
20912_10,4.0
20913_27,4.5
20915_68,3.5
20918_28,3.5
20921_1,5.0
20922_4,4.5
20923_10,10.0
20924_85,4.0
20926_31,3.0
20927_43,3.0
20928_39,3.0
20929_4,4.5
20931_156,4.0
20932_10,8.5
20934_13,4.5
20935_4,4.0
20936_8,3.5
20937_43,4.5
20939_113,3.0
20941_7,4.0
20942_4,3.5
20943_14,5.5
20946_41,2.0
20947_50,5.5
20948_16,8.0
20950_159,5.5
20952_15,10.0
20953_34,5.5
20954_27,6.5
20955_20,5.0
20956_13,3.0
20957_57,3.0
20958_13,4.5
20959_12,4.0
20960_47,5.5
20964_13,3.0
20965_18,3.5
20966_7,3.5
20967_137,2.5
20968_22,2.5
20969_114,3.0
20970_14,4.5
20971_1,5.5
20972_37,5.5
20975_2,4.5
20976_19,4.0
20977_2,3.0
20979_86,3.0
20982_29,4.0
20984_142,3.0
20986_58,10.5
20987_21,5.0
20988_63,2.5
20990_48,3.5
20991_2,6.5
20993_13,5.0
20994_37,6.5
20995_47,3.5
20996_107,3.5
20998_19,6.0
20999_12,6.0
21000_40,19.0
21001_393,4.5
21002_1,3.0
21008_113,6.0
21009_28,3.0
21104_37,5.5
21105_23,5.0
21106_206,3.0
21107_5,5.5
21108_5,4.0
21109_1,5.0
21110_5,4.5
21111_49,4.0
21112_6,4.0
21113_3,3.0
21114_18,6.0
21115_48,5.0
21116_13,7.0
21117_18,3.5
21118_48,4.5
21119_1,3.5
21120_3,5.0
21121_31,13.0
21122_3,5.0
21123_1,3.0
21124_17,7.0
21126_27,6.5
21128_2,6.0
21129_95,5.5
21130_82,3.5
21131_109,4.0
21132_9,3.5
21133_33,2.5
21134_9,3.5
21135_16,2.5
21136_1,4.0
21138_2,4.0
21140_19,6.5
21141_9,4.0
21143_10,4.5
21144_160,4.0
21146_187,3.5
21147_9,5.5
21149_27,3.5
21152_25,4.0
21153_5,7.5
21154_8,6.5
21156_5,4.0
21157_6,3.5
21160_4,9.0
21161_16,6.5
21162_30,6.5
21163_21,5.0
21164_83,4.0
21166_1,5.5
21167_33,3.5
21172_11,4.0
21173_25,3.5
21178_8,5.0
21180_16,5.0
21181_10,4.0
21182_8,3.5
21183_1,3.5
21184_1,3.0
21188_38,6.0
21189_9,10.5
21190_4,3.0
21191_24,4.5
21193_1,3.5
21194_39,5.5
21196_29,4.5
21203_14,2.5
21204_70,5.0
21206_218,8.5
21207_1,3.0
21208_163,2.5
21210_33,4.5
21217_20,5.0
21219_7,2.0
21220_11,10.0
21221_67,3.5
21227_18,3.5
21229_5,3.0
21231_3,5.0
21232_39,4.0
21234_7,8.5
21235_11,5.5
21236_12,5.0
21237_24,7.5
21238_40,5.0
21239_31,5.5
21240_6,5.0
21241_1,5.5
21244_57,3.0
21247_16,7.5
21249_115,5.5
21255_2,7.5
21260_74,6.0
21269_198,5.5
21271_53,6.5
21272_100,9.0
21276_11,4.0
21280_13,3.0
21281_13,8.5
21282_21,3.5
21286_29,6.5
21289_36,3.0
21290_66,8.5
21306_7,4.0
21308_44,4.5
21310_37,3.0
21311_22,6.5
21314_11,6.5
21317_25,3.0
21319_196,4.5
21321_2,2.0
21322_60,4.5
21323_2,6.0
21326_28,5.0
21327_12,3.0
21328_2,3.5
21329_66,3.5
21330_13,7.5
21331_19,4.5
21338_44,3.5
21339_19,2.5
21340_38,4.5
21341_19,3.5
21342_25,3.0
21343_3,9.0
21344_31,6.5
21345_93,3.0
21346_71,4.0
21348_22,4.0
21349_2,5.5
21350_29,5.0
21351_8,4.0
21354_92,2.5
21355_4,15.5
21356_6,4.5
21357_12,8.5
21359_17,6.5
21360_27,3.5
21361_8,5.5
21365_5,4.5
21366_7,4.0
21367_63,4.5
21368_46,15.5
21369_15,9.0
21370_45,4.0
21371_12,4.0
21373_8,5.5
21375_34,5.0
21378_7,8.0
21379_30,3.0
21380_77,3.0
21381_73,4.0
21382_70,5.5
21383_37,7.5
21384_2,7.0
21385_5,8.5
21387_64,7.0
21389_32,12.0
21390_68,4.0
21391_17,2.0
21392_15,4.0
21393_62,5.5
21395_23,4.5
21397_21,8.0
21403_39,5.0
21406_25,4.0
21415_212,55.0
21426_88,75.0
21429_50,4.0
21430_4,4.5
21433_3,9.0
21435_143,3.5
21436_56,3.5
21437_77,6.5
21438_45,5.5
21439_37,4.0
21440_9,2.5
21441_20,4.0
21444_40,15.5
21445_40,6.0
21450_333,5.5
21452_3,8.5
21457_141,5.5
21464_2,38.0
21475_137,4.0
21476_43,4.5
21477_105,4.5
21478_20,5.5
21480_2,4.5
21483_155,6.0
21487_20,2.5
21491_7,6.0
21492_19,3.5
21495_134,5.0
21497_32,3.5
21498_3,2.5
21499_17,2.0
21501_30,6.5
21503_12,3.5
21504_41,8.0
21507_48,5.0
21508_7,3.5
21509_29,2.5
21510_24,5.5
21512_6,3.5
21513_1,3.0
21514_1,4.5
21515_61,3.5
21521_17,3.0
21523_71,9.0
21524_14,3.5
21526_88,3.5
21528_12,3.0
21529_6,3.5
21533_51,3.5
21535_5,13.0
21536_65,3.0
21537_33,5.5
21539_139,4.5
21540_73,9.0
21544_4,3.0
21545_51,3.0
21546_20,3.0
21547_6,4.0
21548_20,3.5
21549_144,2.5
21552_9,8.5
21555_17,5.0
21562_3,9.0
21563_3,7.0
21567_214,3.5
21569_49,2.5
21572_91,3.0
21574_106,20.0
21577_35,3.5
21579_35,4.0
21581_87,6.0
21583_14,5.0
21588_4,2.5
21589_80,3.5
21590_9,6.0
21592_8,3.5
21595_8,8.0
21599_6,3.5
21600_10,9.5
21604_2,3.5
21614_2,3.0
21624_64,3.5
21628_6,2.5
21636_63,10.5
21638_5,5.0
21643_8,5.0
21645_6,6.0
21647_9,4.0
21649_12,3.5
21651_9,6.0
21653_205,12.0
21655_18,3.5
21658_15,2.5
21660_4,4.0
21661_82,6.0
21662_121,3.5
21663_149,9.0
21664_6,3.0
21667_57,3.0
21670_52,6.0
21674_132,3.5
21676_17,7.0
21679_16,6.0
21681_10,4.5
21685_29,6.0
21687_3,3.0
21688_50,4.0
21690_31,4.5
21691_27,3.5
21692_12,3.5
21693_14,17.0
21696_80,4.5
21697_57,4.5
21698_11,5.0
21703_31,25.0
21704_8,5.0
21705_33,4.0
21706_29,3.5
21707_15,4.0
21708_149,4.0
2171_12,10.0
21710_16,4.5
21711_86,3.0
21713_11,2.5
21715_40,3.5
21716_29,3.5
21717_44,4.5
21718_150,4.0
21720_13,4.0
21721_6,3.0
21722_21,6.5
21724_22,3.0
21726_73,2.5
21727_15,4.0
21728_4,4.0
21730_56,3.5
21732_78,3.5
21733_11,3.5
21734_36,4.0
21736_60,4.5
21737_20,4.5
21739_7,4.5
21740_26,2.0
21742_43,5.0
21743_1,6.0
21746_13,4.0
21747_114,6.0
21747_8,4.0
21748_36,6.0
21750_25,4.0
21751_6,14.5
21752_10,8.0
21754_5,2.5
21755_27,4.5
21756_5,5.5
21757_49,4.0
21758_65,3.0
21759_23,4.0
21760_22,6.0
21761_213,4.0
21762_32,5.5
21763_46,5.5
21764_99,3.5
21765_10,5.0
21766_50,5.5
21767_129,5.5
21768_9,3.0
21769_10,5.0
21770_18,4.0
21771_47,4.0
2178_55,2.0
21780_15,5.5
21781_9,7.5
21786_25,7.5
21793_4,9.5
21796_43,6.0
21797_4,8.0
21799_15,12.5
21802_53,7.5
21804_15,14.0
21810_50,9.5
21811_20,4.5
21813_171,4.0
21814_13,6.5
21815_7,4.5
21817_5,14.0
21819_9,7.5
2182_54,10.0
21821_9,4.0
21823_5,7.5
21827_7,6.5
21828_6,9.5
21829_8,11.0
21832_31,3.0
21833_6,9.5
21834_8,10.5
21836_9,5.0
21837_3,5.0
21839_3,7.5
21848_18,18.0
21849_2,13.0
21853_3,11.5
21856_59,8.0
21857_26,5.5
21858_25,3.5
21861_8,9.0
21862_145,6.0
21863_11,4.5
21864_20,12.0
21875_31,4.0
21876_266,3.5
21883_17,8.0
21885_196,4.5
21887_2,3.5
21889_2,2.0
21891_31,4.0
21895_36,3.5
21897_4,2.5
21899_36,5.5
2190_55,6.0
21901_14,8.5
21903_6,4.0
21905_10,3.0
21909_10,3.0
21909_2,5.0
21911_17,4.0
21913_5,8.0
21915_2,6.0
21916_82,4.0
2192_63,2.5
21923_24,5.5
21925_15,4.5
21926_24,12.5
21929_53,7.5
21931_16,3.5
21931_27,3.5
21933_7,8.0
21935_16,3.5
21939_6,4.5
2194_91,3.0
21940_12,3.0
21942_14,3.5
21943_170,5.5
21945_4,6.5
21946_79,3.5
21949_4,5.0
21951_32,4.5
21955_36,5.0
21957_12,4.5
21958_4,5.5
21961_14,5.0
21963_48,9.5
21967_20,4.5
21969_5,12.5
21971_47,7.0
21975_22,17.0
21976_4,5.5
21979_12,3.0
21979_8,3.0
21981_2,3.5
21985_61,3.5
21987_76,3.5
21989_12,7.0
21991_79,12.0
21995_20,4.5
21996_28,3.5
21999_61,3.5
22001_23,3.0
22003_4,7.5
22005_8,5.0
22007_1,12.5
22009_1,3.0
2201_17,6.0
22010_36,7.0
22013_6,8.5
22015_2,3.5
22019_21,7.0
22023_3,4.0
22027_13,4.0
22033_32,4.5
22033_7,4.5
22034_61,5.0
22037_47,7.0
22041_26,6.0
22043_174,4.5
22045_8,4.0
22047_46,3.5
22049_24,12.5
22050_19,1.5
22055_31,3.5
22057_9,8.5
22059_56,6.0
22063_20,2.5
22065_32,4.5
22068_5,6.0
22070_5,2.5
22071_38,3.5
22073_47,6.0
22074_35,3.0
22075_16,4.0
22076_34,3.5
22077_46,3.5
22078_4,3.0
22080_22,14.5
22082_25,4.5
22083_60,4.0
22085_86,3.5
22086_2,4.0
22088_3,3.0
22089_13,2.5
22091_14,4.0
22092_43,4.0
22094_15,8.0
22095_29,5.5
22098_10,3.0
22099_1,4.0
22103_25,3.0
22104_39,3.5
2211_9,4.0
22112_30,3.5
22113_2,5.5
22114_4,3.5
22115_2,2.5
22116_9,4.0
22118_7,5.0
22119_18,2.5
2212_69,12.0
22120_4,3.0
22121_43,5.0
22123_15,3.0
22124_94,4.5
22125_9,3.5
22128_8,3.5
22129_55,3.0
22134_1,5.5
22136_9,3.5
22137_3,3.0
22140_6,3.5
22141_59,5.5
22142_4,2.5
22143_6,4.5
22144_65,5.0
22146_20,3.5
22147_19,4.0
22148_135,7.0
22149_2,2.5
22150_2,2.5
22151_48,5.0
22152_162,3.0
22154_37,7.5
22155_44,15.0
2229_54,1.5
22363_31,3.0
22365_52,3.5
22367_17,2.5
22369_12,3.5
22371_46,21.0
22374_56,6.5
22375_15,6.0
22376_95,6.5
22377_27,4.0
22378_2,2.5
22381_1,6.0
22383_21,5.5
22385_2,3.0
22386_11,5.0
22387_26,5.0
22391_34,4.0
22392_5,3.0
22393_130,4.5
22394_8,4.5
22395_7,5.0
22397_2,4.0
22398_5,4.0
22401_26,3.5
22402_12,7.5
22403_13,8.5
22404_4,4.5
22405_61,5.5
22414_127,3.0
22417_10,4.0
22421_79,3.5
22429_13,3.0
22430_15,4.5
22431_164,3.5
22432_83,4.0
22445_2,3.5
22465_43,14.5
22466_27,4.5
22467_94,7.5
22468_54,9.0
22469_103,2.5
2247_20,3.5
22472_4,32.0
22474_28,12.0
22476_115,7.0
22479_64,5.0
22481_15,3.5
22482_87,11.5
22483_109,3.5
22484_17,12.0
22485_1,3.0
22486_58,4.0
22488_17,7.0
2249_25,2.0
22490_16,4.0
22491_10,3.5
22492_108,4.0
22496_21,5.5
22499_15,14.5
22500_9,5.5
22503_24,2.0
22504_3,4.5
22505_24,3.5
22506_25,3.5
22508_2,2.5
22509_9,3.0
22510_6,3.0
22511_28,3.5
22512_18,6.0
22514_12,4.5
22516_30,11.5
22517_106,9.5
22518_54,20.0
22521_13,3.5
22523_4,3.5
22525_9,3.5
22526_81,4.5
22527_4,6.0
22528_1,3.5
22529_31,3.5
22530_111,4.0
22531_44,4.5
22532_59,22.0
22533_95,5.0
22534_14,2.5
22536_1,4.5
22537_5,9.0
22540_129,6.5
22541_46,3.5
22544_10,5.0
22545_20,16.5
22547_17,5.0
22548_18,19.5
22549_73,13.5
22553_4,6.0
22554_101,7.0
22557_68,5.5
22560_1,25.0
22561_3,4.0
22563_4,4.0
22564_5,4.5
22566_53,9.5
22568_7,3.5
22569_55,6.0
22572_19,7.5
22576_1,4.0
22576_2,10.0
22577_24,8.5
22578_17,3.5
22579_93,5.0
22580_29,4.5
22583_47,6.0
22584_2,3.5
22585_5,4.0
22586_24,4.5
22587_37,5.5
22588_35,5.0
22589_3,7.5
22590_68,3.5
22591_4,4.0
2273_34,1.5
22770_22,4.0
22771_6,10.5
22772_125,5.0
22773_69,3.5
22774_20,3.5
22776_40,46.0
22777_46,4.0
22779_75,4.0
2278_61,7.0
22782_80,9.0
22783_40,4.5
22784_4,3.5
22786_57,4.0
22787_39,3.5
22788_10,3.0
22792_21,9.0
22793_110,3.0
22795_17,3.5
22796_17,4.0
22797_20,3.5
22798_111,23.0
22799_17,3.5
22800_24,4.0
22801_83,6.5
22802_13,4.0
22805_18,17.0
22806_1,3.5
22808_59,4.0
22809_32,6.0
22810_41,5.5
22811_5,3.5
22812_4,3.5
22813_5,7.5
22814_1,3.0
22815_4,4.5
22816_4,4.5
22817_126,4.0
22818_4,7.0
22821_50,6.5
22824_53,7.0
22826_2,5.0
22831_11,3.5
22832_9,7.5
22833_74,8.0
22834_21,3.5
22838_39,3.0
22839_23,4.0
22841_16,7.0
22842_85,5.5
22844_4,4.0
22845_3,3.5
22847_18,4.5
22857_5,16.0
22858_3,10.0
22862_44,3.5
2288_7,2.0
22946_55,2.5
22948_13,4.5
22950_6,3.5
22952_28,2.5
22953_85,2.0
22954_10,5.5
22955_28,3.5
22958_6,3.0
22959_32,5.5
22960_8,5.5
22961_7,3.5
22963_3,3.0
22966_20,5.0
22967_15,4.0
22968_9,4.0
22969_12,3.5
22970_8,4.5
22972_26,5.5
22973_8,5.0
22974_25,7.0
22977_18,3.5
22978_13,3.0
22980_37,23.0
22981_3,3.5
22984_10,8.5
22985_160,4.0
22987_69,2.5
22989_24,4.5
22990_20,3.0
22991_9,3.5
22992_6,3.5
22993_9,5.0
23000_22,3.5
23002_27,4.5
23006_19,3.0
23007_8,5.0
23008_4,9.5
23016_24,5.5
23017_17,8.5
23018_4,4.0
23020_18,5.0
23022_5,4.0
23023_21,4.0
23024_25,4.0
23028_49,3.5
23029_3,5.5
23030_4,7.0
23031_6,4.5
23034_13,4.0
23037_37,3.5
23038_63,5.0
23039_56,4.0
2305_52,1.5
2312_13,1.5
23148_100,3.5
23152_49,3.0
23153_14,7.5
23156_146,14.5
23161_3,4.5
23162_36,3.0
23164_8,4.5
23173_3,4.0
23176_17,4.0
23178_95,3.0
23181_2,3.5
23183_6,4.5
23187_9,4.0
23200_25,4.0
23202_78,3.5
23203_3,6.0
23210_4,7.0
23212_8,5.0
23213_21,6.5
23224_11,4.5
23225_26,3.5
23226_42,13.0
23228_2,9.5
23241_27,3.5
23242_2,4.5
23243_120,5.0
23245_5,7.0
23246_67,4.0
23248_1,3.5
23250_3,3.5
23252_4,5.0
23253_5,5.5
23254_31,3.5
23255_7,7.0
23256_21,4.0
23257_14,5.0
23258_56,4.0
23259_23,36.0
23261_27,3.5
23262_11,4.0
23263_9,8.0
23264_42,3.5
23265_15,9.0
23266_62,6.0
23267_5,3.0
23268_15,3.5
23269_40,3.5
23270_14,3.5
23271_20,12.5
23272_8,4.0
23273_42,9.0
23274_27,10.0
23275_9,5.0
23276_14,4.0
23278_13,5.5
23280_9,2.5
23281_29,13.5
23282_19,4.5
23283_9,3.5
23284_5,3.5
23285_51,7.0
23286_2,4.0
23287_109,8.5
23288_28,13.5
23289_25,3.5
23290_3,4.5
23291_18,4.5
23292_1,2.5
23293_15,6.0
23294_19,9.5
23296_29,4.5
23298_148,5.5
23299_52,3.5
2330_2,5.5
23300_3,6.0
23301_2,3.5
23302_19,7.0
23303_131,44.0
23304_1,48.0
23305_38,4.5
23306_37,3.5
23307_7,4.5
23308_31,3.0
23309_11,7.0
23310_51,4.0
23311_19,4.0
23312_16,6.0
23314_46,4.0
23315_30,3.0
23317_10,4.0
23318_60,3.5
23319_6,7.0
23320_11,4.5
23321_42,9.0
23322_2,6.5
23323_25,3.0
23324_6,8.0
23325_18,4.0
23326_10,4.0
23327_1,4.0
23329_52,5.5
2333_72,8.0
23330_12,3.5
23334_21,2.0
23335_31,3.5
23336_2,8.0
23337_54,5.0
23339_46,2.5
23340_37,6.5
23341_16,4.0
23342_4,4.5
23343_6,4.5
23345_2,10.5
23349_5,5.0
23350_66,8.0
23351_59,10.5
23352_9,3.5
23354_12,5.5
23356_32,7.0
23358_42,4.0
23359_25,3.0
23361_20,4.5
23362_26,36.0
23363_41,15.0
23364_3,4.0
23365_7,2.5
23366_15,5.0
23367_8,4.5
23369_17,2.5
23370_39,5.0
23371_5,15.0
23372_112,18.5
23373_77,8.5
23374_42,4.0
23375_4,7.0
23376_56,6.5
23378_29,6.0
23379_60,3.5
23380_16,4.5
23381_8,15.5
23382_30,11.5
23384_19,5.5
23385_18,4.5
23386_38,9.0
23387_18,7.5
23389_28,4.5
23390_6,19.0
23391_20,19.0
23392_41,4.0
23393_56,4.5
23394_125,4.5
23395_5,3.5
23396_21,4.5
23398_1,5.0
23399_35,23.0
23401_3,4.5
23402_147,5.5
23403_64,3.5
23404_16,6.0
23405_33,3.5
23406_3,4.0
23407_9,8.0
23408_1,4.0
23409_83,4.5
23410_46,5.5
23411_108,3.5
23413_38,3.5
23414_12,6.0
23416_47,5.5
23418_66,15.0
23422_47,15.5
23424_4,4.0
23425_19,4.0
23426_1,3.5
23518_7,3.0
23519_91,25.0
23520_60,5.5
23521_29,5.5
23522_1,5.5
23523_14,7.5
23524_2,7.0
23525_27,3.0
23526_25,5.0
23528_199,3.5
23529_11,4.5
23530_3,14.5
23531_79,4.0
23534_27,30.0
23535_3,6.0
23536_14,2.5
23537_4,6.0
23540_3,6.0
23541_61,5.5
23542_8,5.0
23543_92,4.5
23544_10,4.0
23545_6,3.5
23546_9,3.5
23547_21,3.0
23550_10,6.0
23551_15,21.0
23553_1,4.0
23554_2,4.0
23555_11,5.0
23556_4,4.5
23557_110,4.0
23558_33,4.5
23559_10,5.5
23560_154,22.0
23561_4,3.5
23564_83,6.0
23566_6,4.0
23567_37,6.0
23568_41,4.5
23569_53,4.5
23570_87,2.5
23571_93,4.0
23572_186,4.5
23575_58,4.0
23576_46,5.0
23578_6,5.5
23579_3,3.0
2358_19,5.0
23580_2,3.5
23581_131,3.0
23584_2,4.0
23586_32,3.0
23588_9,4.0
23589_21,5.0
2359_65,3.0
23591_9,5.5
23593_14,3.0
23594_2,3.5
23595_6,5.5
23596_17,3.0
23597_11,5.0
23601_43,3.5
23602_35,3.0
23605_3,4.5
23606_18,7.5
23607_1,9.5
23611_16,3.5
23615_4,6.0
23616_4,18.5
23617_15,3.5
23618_23,3.5
23619_235,4.5
23620_16,3.5
23621_326,5.0
23622_128,5.0
23623_48,9.5
23624_34,3.0
23625_44,2.5
23627_3,4.5
23629_4,4.5
23631_1,5.5
23632_22,4.0
23637_55,4.5
23638_3,2.5
23639_93,2.5
23640_10,9.0
23643_22,9.0
23644_19,5.5
23645_49,8.5
23646_5,3.0
23648_36,4.5
23649_6,3.0
23650_2,4.5
23652_15,3.0
23654_6,6.0
23656_9,36.0
23657_102,4.5
23658_1,2.0
23659_2,6.5
23660_112,4.0
23661_61,4.0
23662_10,4.5
23663_28,6.5
23664_17,9.5
23665_35,3.0
23666_35,2.5
23668_281,8.0
23669_20,5.5
23670_11,4.5
23671_11,4.0
23672_10,4.0
23673_9,7.0
23675_16,8.5
23677_30,11.5
23678_132,3.5
23679_43,3.0
23680_1,8.0
23682_79,4.0
23683_79,5.0
23685_132,4.5
23686_44,2.5
23687_27,4.0
23689_52,6.0
23690_228,2.5
23691_2,4.0
23692_19,14.0
23693_4,4.0
23694_3,13.0
23695_1,3.5
23696_256,6.5
23699_61,3.5
23700_42,4.0
23702_98,3.5
23703_8,6.5
23704_11,10.5
23705_42,8.0
23706_13,9.5
23767_1,7.0
23771_17,3.5
23783_22,13.5
2381_52,3.5
23903_3,5.5
23915_18,7.5
23923_26,6.0
23929_159,3.0
23949_12,34.0
23967_8,5.0
23981_172,5.0
24011_27,4.5
24013_6,3.5
24023_35,4.0
24027_32,3.5
24050_26,4.5
24055_44,20.0
24111_10,4.5
24179_48,6.0
2418_55,12.5
24201_86,4.0
2421_7,4.5
24211_25,8.0
24215_8,5.0
24216_30,4.5
24217_2,4.0
24221_3,10.5
24222_10,3.5
24223_5,5.5
24226_30,5.5
24235_2,13.0
24236_46,3.0
24237_115,4.5
24244_81,5.0
24245_2,6.5
24247_13,8.0
24251_44,5.5
24252_85,4.5
24253_5,3.0
24255_38,5.5
24256_7,3.0
24259_24,4.5
24260_4,4.0
24261_202,3.5
24263_6,4.5
24265_6,3.5
24266_2,2.5
24267_24,5.5
24268_21,4.0
24271_9,5.5
24273_43,3.5
24276_171,4.5
24277_22,6.0
24278_4,4.5
24279_30,5.0
24286_48,6.0
24289_1,4.0
2429_27,16.5
24290_5,3.0
24293_39,7.0
24294_13,4.5
24299_1,6.0
2430_52,5.5
24304_3,2.0
24307_22,8.0
24309_14,4.5
2431_17,3.5
24314_9,5.5
24316_10,5.0
24318_13,7.0
24319_19,4.0
24320_3,3.5
24321_67,3.0
24322_1,3.5
24323_43,3.5
2436_49,4.0
24407_31,8.0
24408_30,6.0
24409_2,3.5
2441_2,3.0
24411_144,6.0
24412_1,5.5
24413_96,3.0
24414_3,7.5
24416_20,2.5
24417_22,5.0
24418_14,4.5
24419_3,3.0
24420_57,3.0
24422_36,5.0
24423_9,5.5
24424_25,2.5
24425_8,6.5
24426_15,6.0
24426_191,3.0
24427_33,5.5
24428_76,5.0
2443_10,10.0
24430_11,3.0
24431_32,3.0
24432_3,5.0
24434_16,3.5
24435_1,6.0
24436_23,6.5
24437_6,4.0
24440_11,5.5
24441_7,3.0
24443_8,2.5
24444_10,5.0
24445_38,4.5
24446_65,9.5
24447_26,4.5
24449_11,4.0
24450_96,2.0
24453_75,4.5
24454_27,5.0
24455_2,2.5
24456_3,4.5
24457_12,8.0
24459_15,7.0
24462_4,4.0
24463_1,2.5
24465_28,3.0
24468_36,2.5
24469_10,4.5
2447_7,2.5
24470_20,7.0
24471_2,3.5
24472_28,6.0
24473_11,3.0
24474_12,4.5
24475_45,7.0
24476_18,4.5
24479_25,3.5
24485_32,8.0
24486_1,2.5
24487_95,3.5
24488_8,6.5
24489_34,4.0
2449_1,5.5
24490_16,4.0
24493_10,3.5
24494_67,3.5
24496_26,4.0
24497_8,4.5
24499_36,3.0
24634_1,4.5
24635_25,3.0
24636_9,5.0
24637_3,5.5
24638_3,9.0
24640_63,5.0
24641_10,7.0
24642_21,2.5
24643_21,5.0
24645_2,4.5
24646_47,4.5
24647_3,3.5
24648_8,3.5
24649_11,4.5
24651_1,3.0
24654_13,6.5
24655_23,5.0
24656_6,4.5
24658_98,3.0
24659_6,3.5
24661_4,4.5
24662_78,3.5
24664_3,3.5
24665_48,2.5
24667_27,3.0
24669_12,6.0
24670_1,6.0
24671_15,5.5
24674_22,4.0
24675_2,4.0
24676_105,2.5
24677_106,11.0
24678_10,3.5
24679_35,6.5
2468_62,3.5
24680_51,2.5
24681_2,3.0
24682_35,17.5
24683_11,2.5
24684_7,3.0
24685_12,4.0
24686_19,3.5
24687_18,7.0
24688_9,5.0
24689_9,3.5
24690_1,4.5
24693_5,4.0
24694_158,6.5
24695_8,3.0
24696_14,2.5
24697_48,5.5
24698_12,4.5
24699_20,5.0
24701_21,2.5
24702_31,3.0
24704_38,2.5
24706_73,4.0
24707_6,5.5
24708_7,3.0
24710_1,3.0
24711_21,4.0
24712_6,5.0
24713_4,4.0
24717_26,5.0
24718_8,2.5
24720_10,5.0
24721_17,5.0
24722_13,4.5
24723_58,5.5
24724_4,3.5
24725_4,12.0
2474_54,7.5
2475_1,7.0
2480_58,9.5
24891_54,3.5
24892_8,3.0
24895_25,4.0
24896_5,4.0
24898_39,9.5
24899_13,4.0
24900_46,6.5
24901_4,6.0
24902_84,4.5
24903_7,3.5
24904_121,4.0
24905_22,4.0
24907_3,4.5
24908_19,3.0
24909_40,4.5
24910_18,4.5
24911_57,7.5
24912_40,3.0
24914_10,4.0
24915_123,9.0
24917_95,6.0
24920_6,4.0
24921_73,6.5
24922_19,4.0
24923_27,3.0
24926_9,4.5
24928_20,6.0
24929_26,3.0
24931_9,4.0
24934_96,6.0
24935_62,3.0
24937_7,4.5
24938_7,3.5
24940_3,4.0
24941_14,2.5
24942_22,8.0
24944_12,4.0
24945_16,3.5
24946_9,2.5
24947_40,3.0
24948_79,3.0
24950_21,5.0
24951_3,6.0
24952_28,4.5
24953_27,3.0
24954_83,5.5
24955_116,3.5
24956_1,5.0
24957_6,4.5
24958_3,4.5
24959_20,3.5
24960_48,4.0
24962_7,3.5
24963_1,4.0
24967_4,7.5
24968_10,4.5
24970_117,4.5
24971_2,4.0
24973_11,3.0
24975_3,3.0
24977_18,10.0
24979_17,6.0
24981_8,6.0
24982_33,4.0
24983_119,7.5
2500_2,4.0
2501_51,5.5
25033_194,7.0
25036_10,5.5
25037_4,4.5
25038_5,3.5
25039_10,4.5
25041_11,5.5
25042_3,12.0
25043_74,8.0
25048_30,7.5
25049_8,6.5
2505_49,4.5
25050_82,7.0
25051_104,5.0
25052_3,4.0
25053_1,4.0
25054_15,5.5
25055_56,5.0
25057_2,8.5
25058_23,2.5
25059_18,6.0
25060_18,3.0
25061_8,4.0
25064_34,6.5
25065_22,4.5
25066_32,3.0
25068_131,13.5
25070_18,4.0
25072_11,3.5
25073_13,7.5
25074_119,9.0
25075_2,3.0
25076_2,4.0
25078_13,3.0
25080_16,3.0
25081_6,12.0
25082_3,4.0
25083_26,4.5
25085_37,7.5
25086_83,3.5
25087_11,3.0
25088_42,4.0
25089_21,5.0
25091_83,4.5
25092_32,5.5
25093_96,5.0
25094_9,4.0
25095_1,4.0
25096_58,3.5
25099_4,4.0
25100_11,4.0
25102_23,7.5
25103_45,5.5
25104_10,7.5
25105_70,5.0
25105_87,6.0
25108_6,6.0
25110_19,3.5
25111_24,8.0
25112_6,3.5
25114_256,9.0
25115_21,10.0
25116_11,3.0
25117_17,3.5
25118_45,5.0
25121_7,3.0
25123_198,4.5
25124_21,2.5
25125_7,2.5
25126_19,2.5
2513_7,1.0
2514_65,4.0
2515_14,2.5
2516_57,3.5
25209_15,3.5
25211_14,7.0
25215_1,4.5
25216_8,7.0
25217_35,6.5
25218_10,4.0
25219_17,24.0
25220_8,5.0
25225_14,5.0
25227_20,3.5
2523_31,7.5
25232_4,11.0
25233_2,4.0
25235_2,5.0
25236_11,5.0
25238_6,17.5
2524_56,10.5
25240_1,3.0
25242_12,4.5
25244_9,9.0
25245_22,5.0
25247_12,9.5
25248_28,5.0
25249_33,6.5
25251_6,19.0
25252_29,5.5
25253_17,4.5
25255_4,5.5
25256_153,6.5
25256_23,8.5
25257_162,2.5
25258_41,3.0
25259_7,4.0
25260_62,3.5
25261_42,6.5
25262_6,9.0
25263_4,9.5
25264_102,5.0
25265_8,4.0
25266_14,5.5
25267_10,11.5
25269_10,8.5
25270_3,3.5
25272_17,7.0
25273_80,12.0
25274_2,5.0
25275_30,4.5
25276_32,6.0
25277_51,5.0
25278_41,8.0
25279_44,3.0
25280_2,4.0
25281_50,7.0
25282_6,8.5
25283_2,3.5
25284_47,6.0
25285_14,5.0
25286_33,4.0
25287_7,4.0
25288_16,3.5
25291_27,6.5
25292_4,11.0
25292_6,11.0
25296_3,2.5
25297_11,8.0
25298_53,5.5
25299_11,3.5
25300_39,3.5
25301_48,3.5
25306_51,4.0
25307_8,11.5
25308_8,4.0
25409_5,4.0
25412_53,12.0
25413_80,4.5
25414_11,3.0
25416_5,3.5
25419_59,2.5
25422_58,5.5
25424_234,2.5
25428_103,3.5
25433_25,5.0
25436_44,7.5
25437_18,3.0
25438_288,4.5
25444_29,6.5
25446_34,5.0
25451_39,4.5
25452_16,5.0
25453_57,6.5
25454_38,8.0
25456_73,5.0
25459_3,5.5
25460_36,5.5
25461_3,3.5
25463_3,4.5
25464_1,4.5
25465_42,4.0
25466_84,6.0
25468_5,2.0
25472_12,4.5
25473_62,4.5
25479_8,8.5
25480_21,5.0
25481_66,10.5
25482_5,4.5
25484_120,4.0
25486_38,4.0
25488_6,5.0
25491_54,2.5
25492_7,7.5
25493_11,5.0
25497_35,16.0
25499_37,5.5
25500_6,3.5
25501_128,4.5
2558_51,3.5
2567_5,8.0
2570_72,4.5
2571_12,4.5
2573_20,6.0
2575_5,4.0
2578_67,5.5
2579_17,3.5
2580_83,3.5
2585_2,5.0
25879_6,3.0
25880_14,9.0
25886_11,3.0
25889_108,3.0
25895_29,3.0
25898_4,5.0
2590_69,5.0
25901_3,3.5
25902_27,3.5
25904_17,3.5
25906_5,3.5
25907_47,2.0
25910_1,11.0
25912_131,6.5
25913_17,3.5
25917_12,7.5
25918_60,5.0
25921_3,3.5
25922_7,6.0
25926_29,3.0
25938_13,3.5
25941_4,10.5
25947_116,4.0
25948_18,5.5
25949_3,4.5
25951_17,6.0
25954_3,2.0
25956_9,8.5
25957_5,3.0
25960_15,5.0
25962_51,8.0
25963_2,7.0
25964_12,5.5
25967_34,8.0
2597_8,4.5
2598_9,3.0
2599_51,4.0
2602_2,6.5
2603_61,9.0
2605_49,10.5
2607_54,2.5
2609_59,6.5
2611_72,4.5
2612_5,4.0
2614_28,5.0
2615_60,4.5
2616_23,5.0
2617_56,4.5
2618_10,4.5
2619_72,4.0
2620_4,4.0
2622_18,4.0
2625_53,4.0
2630_12,3.5
2631_50,5.5
2632_5,4.0
2633_52,8.0
2634_2,3.5
2635_61,9.5
2636_10,16.5
2637_77,11.0
2638_12,7.0
2640_3,10.5
2642_4,5.0
2643_57,5.5
2644_11,7.5
2645_54,3.5
2647_66,5.0
2649_77,7.5
2652_15,4.5
2654_19,6.0
2658_27,5.5
2665_26,3.5
2666_53,4.0
2668_70,6.5
2670_67,3.5
2677_1,3.5
2681_23,4.5
2682_68,12.0
2683_1,8.0
2685_21,7.0
2686_67,5.0
2687_2,3.5
2692_74,4.5
2693_20,21.0
2695_25,9.5
2696_87,4.5
2697_7,5.0
2700_56,8.0
2704_74,6.0
2705_5,4.0
2706_69,5.0
2708_54,5.0
2711_6,5.5
2714_78,9.0
2715_25,3.0
2719_3,7.0
2723_9,18.0
2728_62,8.5
2730_58,5.0
2731_29,3.5
2732_58,4.0
2734_49,3.0
2737_22,5.0
2741_22,4.0
2742_68,4.5
2743_5,5.0
2744_57,10.0
2746_56,6.0
2747_3,4.5
2748_3,5.0
2750_3,5.5
2751_16,3.5
2752_62,13.5
2753_2,10.5
2754_50,13.5
2755_8,12.0
2760_2,3.0
2761_49,4.0
2762_30,5.0
2763_66,4.0
2765_4,3.0
2768_56,5.0
2769_3,4.5
2770_51,16.0
2771_35,6.0
2773_50,4.0
2774_10,6.5
2775_54,6.5
2778_10,3.5
2780_35,7.5
2781_63,4.0
2783_18,11.0
2785_15,3.5
2788_55,8.5
2789_26,10.0
2790_54,6.5
2794_60,3.5
2796_62,7.0
2797_56,7.0
2805_6,3.5
2806_49,3.5
2809_25,3.5
2811_27,8.0
2813_11,4.5
2816_50,4.0
2819_23,3.5
2822_56,18.5
2823_7,3.5
2826_53,4.5
2827_23,15.5
2828_82,4.0
2829_19,3.5
2831_29,4.0
2833_20,8.0
2834_54,4.0
2835_1,4.0
2836_68,9.5
2837_3,5.0
2838_53,9.0
2839_2,4.5
2841_13,11.5
2843_13,4.5
2844_53,4.0
2846_24,4.5
2848_2,10.5
2849_49,7.0
2851_63,4.0
2853_68,6.0
2855_49,4.0
2857_70,5.5
2858_29,5.0
2859_69,6.0
2860_19,4.5
2864_2,6.0
2867_52,5.0
2869_68,5.0
2870_29,5.5
2871_73,20.0
2875_15,3.5
2876_74,3.5
2877_3,7.5
2878_66,5.0
2879_9,10.5
2888_49,10.5
2889_37,4.0
2890_59,6.5
2891_1,11.0
2900_53,6.5
2906_55,4.0
2911_27,5.5
2913_1,3.5
2915_6,3.5
2917_3,13.0
2925_9,4.5
2937_10,8.0
2938_55,9.5
2939_10,3.0
2942_50,4.0
2943_5,6.5
2944_66,7.0
2946_52,7.0
2948_58,3.5
2949_6,4.0
2950_57,6.5
2952_75,5.5
2953_31,4.0
2954_56,6.0
2960_66,9.5
2961_1,9.5
2962_50,3.0
2966_65,4.5
2967_8,6.0
2968_61,5.5
2969_11,6.5
2970_60,4.5
2972_57,6.0
2973_15,6.5
2974_61,6.0
2975_19,4.0
2976_58,15.0
2977_7,4.0
2979_8,3.5
2981_9,4.0
2982_82,2.5
2985_35,4.0
2986_49,4.5
2987_37,5.5
2989_17,4.0
2991_9,6.5
2992_59,6.0
2993_1,2.5
2994_71,3.5
2997_8,5.0
2998_53,3.5
2999_6,4.5
3000_66,11.0
3003_29,4.5
3004_67,6.5
3005_5,8.0
3007_7,6.0
3009_3,5.0
3010_53,3.0
3022_4,5.5
3024_18,5.0
3025_50,4.0
3026_5,2.5
3028_36,8.0
3029_52,3.0
3030_3,11.0
3032_11,4.0
3033_57,4.0
3034_1,3.0
3035_80,3.5
3037_62,8.0
3038_9,6.0
3040_59,4.0
3041_55,4.0
3042_7,9.5
3043_49,5.0
3044_3,11.5
3045_72,5.5
3046_31,8.0
3049_61,3.5
3050_7,34.0
3052_8,3.5
3053_49,3.0
3054_3,6.5
3055_54,4.5
3056_11,4.0
3057_55,11.5
3059_50,5.0
3060_43,9.5
3061_61,3.0
3065_65,4.0
3066_12,5.5
3067_67,2.5
3069_52,4.5
3070_1,4.0
3072_4,4.5
3073_51,4.5
3074_6,10.0
3077_66,7.0
3078_1,2.5
3079_62,6.5
3081_70,3.0
3082_9,4.0
3083_71,3.5
3091_70,5.5
3115_64,4.0
3122_6,4.0
3132_1,5.5
3143_3,3.0
3148_49,5.0
3151_6,5.5
3152_57,5.0
3166_92,4.5
3168_8,3.0
3169_70,3.5
3170_6,8.5
3171_57,7.0
3172_28,3.5
3173_49,4.5
3174_2,4.0
3175_51,4.5
3177_49,17.0
3178_5,4.5
3179_51,3.0
3181_50,5.0
3182_38,8.0
3184_25,8.5
3186_2,5.5
3187_52,3.0
3189_61,3.0
3191_50,4.5
3192_3,12.0
3194_36,5.0
3195_50,3.5
3196_6,3.0
3197_70,6.0
3198_4,9.5
3199_54,24.0
3200_49,5.5
3201_49,4.5
3202_28,10.0
3204_2,6.0
3206_4,7.0
3208_2,8.5
3209_69,3.5
3210_1,6.5
3212_30,3.5
3213_65,5.5
3214_3,10.5
3216_2,3.5
3217_74,5.5
3218_8,18.0
3220_40,4.0
3221_54,4.5
3222_11,4.0
3232_28,3.5
3234_23,3.5
3235_50,3.5
3236_12,8.5
3280_49,4.5
3283_21,7.5
3284_75,6.0
3285_23,12.5
3289_19,12.0
3290_50,3.5
3291_30,4.5
3292_75,5.0
3293_2,4.5
3294_55,3.0
3296_92,4.0
3298_52,3.0
3299_29,3.0
3302_58,3.0
3303_23,4.0
3305_6,5.0
3309_2,6.0
3310_62,4.5
3311_27,5.0
3312_64,4.0
3313_21,11.0
3314_74,4.0
3315_15,4.0
3316_58,6.0
3317_33,5.0
3320_49,6.0
3321_2,3.5
3322_52,5.0
3323_37,5.0
3324_51,5.5
3325_2,3.0
3326_58,5.5
3327_27,4.5
3329_14,5.5
3331_8,3.5
3332_57,3.5
3336_50,4.5
3339_33,5.0
3340_53,4.5
3341_33,5.0
3342_76,4.0
3343_1,3.5
3344_60,8.0
3346_72,10.0
3347_9,6.5
3348_49,7.5
3350_53,4.0
3351_1,8.0
3352_80,3.0
3356_50,4.5
3357_67,4.0
3358_51,19.5
3359_11,7.5
3360_50,3.5
3361_26,3.5
3362_61,6.0
3363_31,11.0
3364_76,3.5
3365_7,7.0
3366_51,5.0
3367_8,3.5
3373_5,3.5
3374_49,3.5
3376_49,2.5
3378_49,16.5
3379_29,5.0
3381_24,7.5
3387_1,12.0
3388_58,6.5
3389_7,11.5
3390_72,3.5
3391_10,17.5
3392_68,8.5
3394_81,4.0
3396_54,7.0
3397_7,4.5
3399_31,13.5
3400_49,4.0
3401_8,5.0
3403_1,8.5
3404_51,3.5
3405_6,4.5
3412_7,3.5
3413_50,3.5
3414_40,6.0
3415_61,4.0
3416_2,4.5
3418_12,12.5
3419_49,7.5
3420_21,5.0
3421_54,4.0
3422_4,3.0
3423_59,5.5
3427_63,3.0
3431_54,4.5
3432_21,5.0
3434_34,13.5
3435_53,13.0
3437_80,13.0
3438_10,4.0
3440_7,4.5
3441_64,4.5
3445_53,3.5
3446_7,3.5
3447_64,4.0
3448_13,5.5
3449_58,3.5
3450_4,14.5
3452_17,2.5
3453_87,7.0
3457_57,4.5
3459_49,4.5
3461_58,4.0
3466_8,7.0
3469_74,5.5
3470_1,5.0
3471_49,11.5
3472_40,7.5
3473_78,5.0
3474_19,6.5
3477_63,4.0
3479_71,3.0
3480_7,5.0
3481_87,7.5
3484_60,6.5
3485_28,8.0
3486_58,3.5
3487_32,3.5
3488_64,6.5
3489_9,2.5
3494_71,3.0
3495_15,5.0
3497_13,5.5
3498_53,2.5
3499_77,3.0
3503_4,8.0
3504_58,5.5
3505_6,5.0
3506_49,11.5
3507_1,4.5
3508_78,9.5
3509_1,9.0
3512_72,9.0
3514_49,3.5
3516_60,8.0
3518_54,3.5
3519_3,3.5
3520_58,5.5
3521_16,6.0
3522_57,4.0
3525_1,21.0
3525_2,15.0
3525_3,14.0
3525_4,28.0
3534_14,6.0
3535_84,5.0
3538_26,4.5
3554_24,7.0
3580_25,6.5
3581_53,7.5
3583_54,7.0
3585_54,5.5
3587_53,4.0
3591_51,5.5
3592_4,6.5
3593_72,9.0
3600_2,8.0
3601_54,4.0
3603_60,4.0
3605_77,6.0
3607_71,5.0
3611_70,3.5
3613_62,5.5
3616_3,6.0
3617_80,3.5
3620_67,5.5
3622_33,5.0
3623_84,4.0
3624_3,7.0
3627_71,4.5
3628_3,4.5
3629_60,8.0
3630_27,5.0
3633_70,5.5
3634_5,12.5
3635_76,3.0
3636_37,5.5
3640_14,4.0
3642_4,4.0
3644_5,9.0
3646_7,4.5
3647_49,6.0
3650_8,23.0
3651_50,3.0
3654_27,5.5
3666_17,7.5
3676_15,4.0
3681_87,13.0
3684_78,4.0
3685_53,4.5
3708_62,6.0
3709_4,3.0
3710_49,7.0
3714_49,4.0
3717_23,3.5
3719_2,4.5
3721_5,5.0
3723_1,3.5
3724_64,5.0
3727_35,5.5
3728_52,3.5
3730_81,4.5
3736_60,4.5
3738_54,3.5
3739_72,7.0
3741_4,7.5
3742_78,5.0
3758_63,5.0
3758_68,3.5
3761_4,3.0
3766_51,4.0
3773_15,4.5
3795_6,5.0
3796_79,5.0
3797_1,5.0
3798_71,5.5
3799_11,4.0
3800_71,3.0
3803_10,5.5
3805_16,3.5
3806_55,6.0
3807_1,5.5
3808_76,3.5
3809_1,3.5
3810_50,5.0
3813_3,7.0
3814_63,5.5
3815_14,3.5
3817_18,5.0
3820_68,4.0
3821_28,3.5
3822_54,5.5
3823_9,6.0
3825_18,3.5
3827_22,9.5
3828_54,4.5
3831_21,4.5
3832_51,3.5
3835_11,3.0
3836_51,4.0
3837_6,9.5
3839_60,5.5
3844_2,10.5
3845_51,7.5
3847_56,3.5
3848_14,9.5
3849_56,5.5
3852_19,6.0
3853_56,4.0
3854_24,5.0
3855_56,8.5
3858_5,4.5
3859_50,3.5
3860_7,4.5
3864_5,4.5
3866_7,6.0
3867_49,5.5
3868_8,5.0
3872_2,5.0
3873_51,12.0
3874_8,4.0
3875_62,5.5
3879_50,9.0
3881_49,5.0
3887_90,7.5
3888_8,6.0
3889_64,3.5
3890_8,5.5
3891_56,3.0
3892_21,4.0
3893_64,4.5
3894_15,3.5
3896_5,6.5
3897_61,6.0
3898_5,4.0
3902_21,5.5
3903_49,5.0
3905_62,10.0
4122_12,3.5
4123_60,3.5
4124_24,4.0
4125_52,6.0
4126_22,4.0
4127_75,9.0
4128_27,4.0
4129_72,4.5
4130_71,4.0
4131_72,16.0
4132_27,3.0
4133_54,4.5
4135_84,9.0
4136_40,3.5
4137_57,4.5
4138_25,3.5
4139_71,4.5
4140_3,3.0
4141_79,4.5
4143_74,3.0
4144_13,3.5
4145_58,5.5
4146_58,4.0
4148_49,3.0
4149_8,10.0
4150_75,8.0
4151_6,5.5
4152_58,6.5
4153_11,5.5
4154_57,5.5
4155_3,3.0
4156_74,4.5
4157_2,4.5
4158_54,3.0
4159_130,7.5
4160_49,4.0
4162_54,10.0
4163_5,5.0
4179_57,8.5
4184_43,4.0
4187_49,4.5
4188_1,6.0
4192_10,4.5
4194_26,4.5
4203_50,7.0
4209_60,4.0
4212_5,3.5
4217_49,7.0
4220_39,6.0
4224_7,17.5
4230_1,11.0
4232_19,9.0
4234_8,5.0
4237_70,3.5
4238_4,3.5
4240_31,8.5
4245_80,3.5
4246_40,11.0
4249_64,7.5
4250_23,5.0
4254_6,4.0
4258_15,6.5
4261_55,4.0
4267_81,6.0
4271_75,3.5
4272_46,5.0
4276_10,4.0
4278_14,5.5
4280_47,5.5
4282_3,5.5
4284_18,4.5
4292_5,3.5
4294_16,5.0
4297_62,4.0
4301_58,10.5
4304_18,3.5
4306_4,5.0
4309_59,4.0
4314_12,4.5
4318_12,4.5
4322_28,4.0
4324_33,5.0
4328_2,4.0
4330_4,4.0
4332_6,6.0
4336_2,6.5
4337_49,7.5
4342_10,6.0
4355_13,7.0
4359_87,9.0
4374_45,10.0
4383_97,6.0
4389_2,4.0
4392_54,3.5
4393_3,4.5
4394_71,5.0
4396_54,4.5
4397_26,5.5
4407_10,5.5
4413_3,6.0
4414_69,4.5
4420_7,3.0
4423_77,16.5
4428_1,3.5
4429_51,4.5
4430_44,3.0
4435_66,4.5
4436_1,18.0
4437_56,4.5
4440_15,3.0
4450_26,4.0
4452_9,4.0
4453_83,4.0
4455_89,5.0
4459_68,4.0
4460_8,4.0
4464_10,4.5
4467_49,4.0
4468_21,5.0
4469_78,3.5
4471_50,11.5
4472_5,26.0
4474_19,12.5
4476_22,30.0
4479_14,3.0
4480_59,13.5
4481_34,9.5
4482_66,5.5
4487_1,5.0
4491_4,2.5
4493_92,4.0
4496_60,5.0
4498_62,4.0
4499_21,7.0
4500_50,4.0
4533_76,4.5
4534_10,5.0
4535_50,5.0
4540_11,9.5
4541_49,4.0
4542_24,6.5
4543_65,3.5
4544_4,5.5
4545_53,3.0
4546_27,5.0
4547_59,3.0
4548_4,3.5
4549_78,4.5
4551_72,8.5
4553_65,4.0
4556_10,17.0
4557_61,3.5
4559_64,5.0
4560_34,3.5
4562_1,7.5
4563_61,7.0
4564_2,4.5
4566_24,4.0
4567_82,4.5
4568_17,3.5
4569_52,4.5
4584_5,5.5
4588_1,2.5
4594_22,3.5
4666_193,5.0
4666_194,6.5
4666_195,9.5
4666_199,5.0
4666_200,6.0
4666_202,13.5
4666_205,5.0
4666_206,9.5
4666_212,11.5
4666_213,6.5
4666_214,14.5
4666_218,16.5
4666_219,24.0
4666_220,12.5
4666_222,21.0
4666_223,13.5
4666_224,22.0
4666_225,4.5
4666_230,5.5
4666_232,4.5
4666_236,4.5
4673_13,4.5
4693_72,3.5
4696_2,5.0
4697_59,4.5
4703_87,3.5
4706_17,5.0
4707_50,5.5
4708_3,8.5
4712_28,10.5
4717_55,7.0
4718_5,4.5
4719_58,6.5
4721_54,4.5
4763_31,3.5
4769_10,5.0
4771_10,6.0
4775_34,6.0
4785_30,3.0
4792_51,5.0
4801_13,3.5
4807_13,3.5
4811_33,6.5
4815_25,2.5
4829_43,4.0
4831_4,5.5
4832_75,6.5
4834_61,7.0
4840_73,5.5
4842_62,5.0
4851_25,3.5
4859_6,4.0
4862_63,4.0
4866_59,6.0
4867_15,3.5
4874_3,6.5
4876_32,4.5
4878_3,6.0
4880_21,3.5
4883_56,5.5
4886_3,4.0
4889_82,5.0
4890_10,4.0
4891_50,4.0
4900_8,11.0
4903_72,8.0
4904_7,5.5
4905_63,3.0
4906_35,11.5
4907_56,5.5
4908_6,6.5
4909_68,4.5
4910_21,6.0
4911_49,8.0
4912_17,7.5
4913_78,5.0
4914_10,4.5
4915_64,13.0
4916_2,4.0
4917_62,3.0
4918_21,9.5
4920_10,7.0
4922_13,3.5
4923_79,3.5
4924_32,7.0
4925_54,5.0
4929_55,6.0
4930_21,3.5
4931_59,2.5
4956_2,3.5
4959_2,2.5
4960_72,6.0
4961_17,9.5
4962_52,3.5
4963_19,4.5
4964_67,4.0
4965_27,13.0
4967_1,3.5
4968_50,6.0
4969_2,3.5
4970_55,4.5
4971_1,3.5
4973_18,4.0
4976_57,4.5
4978_54,4.5
4979_34,5.5
4981_6,4.0
4982_54,4.0
4983_6,6.5
4984_83,4.0
4985_11,3.0
4986_59,4.5
4987_17,4.0
4988_49,5.5
4989_7,5.5
4990_87,3.0
4991_12,3.5
4992_49,3.5
4993_16,6.5
4995_16,3.0
4996_66,7.0
4997_19,3.5
5000_52,7.0
5001_6,7.5
5002_76,4.5
5004_69,4.5
5005_4,4.0
5006_71,3.5
5007_1,3.5
5008_51,6.5
5009_11,5.0
5011_11,8.5
5012_67,4.0
5013_2,7.5
5014_49,3.0
5015_15,3.5
5017_19,3.0
5018_68,6.5
5019_16,7.5
5020_50,4.0
5021_13,3.0
5023_23,6.5
5024_67,6.0
5026_66,4.0
5028_59,4.0
5029_3,3.5
5030_52,6.5
5031_10,5.5
5032_64,5.5
5033_27,4.0
5034_79,5.0
5035_7,4.5
5036_50,4.0
5060_62,3.5
5061_27,5.5
5062_60,3.0
5063_12,4.5
5065_8,9.0
5066_134,4.0
5069_9,5.0
5070_76,5.0
5076_53,7.0
5078_82,3.0
5080_131,3.5
5082_51,4.0
5084_154,5.0
5085_18,4.5
5087_5,4.0
5088_175,5.0
5089_11,4.0
5090_49,5.0
5091_28,3.5
5092_51,7.0
5093_47,5.0
5094_62,3.0
5095_21,4.0
5096_51,5.5
5097_14,6.0
5098_79,3.5
5099_14,4.5
5100_53,5.5
5102_55,5.0
5103_30,2.5
5104_57,3.0
5105_2,3.5
5106_52,4.5
5107_7,4.0
5108_72,6.5
5109_24,4.5
5110_84,3.5
5111_15,3.5
5112_73,3.5
5114_65,4.5
5115_31,5.5
5116_62,3.5
5117_14,6.5
5121_3,6.0
5122_92,6.5
5124_62,4.0
5124_69,4.0
5125_6,8.5
5128_53,4.0
5129_12,5.0
5131_15,4.5
5132_71,7.0
5133_17,4.5
5134_52,5.5
5138_50,4.5
5139_32,21.0
5140_56,5.5
5178_5,2.5
5183_53,4.5
5193_51,3.5
5196_7,3.5
5201_50,4.0
5202_4,7.5
5204_13,3.5
5223_59,3.0
5224_20,9.0
5225_50,8.0
5226_36,9.0
5227_60,15.5
5228_25,4.5
5229_90,5.0
5230_99,5.0
5231_79,6.5
5236_2,4.5
5238_26,5.0
5242_37,4.5
5245_40,6.0
5246_64,26.0
5248_68,10.0
5249_31,14.0
5250_53,6.5
5252_33,5.0
5253_1,6.5
5254_69,4.0
5255_22,6.0
5256_86,6.0
5259_2,7.0
5260_80,4.0
5261_13,4.5
5262_57,6.5
5264_65,3.5
5265_12,3.5
5268_49,3.5
5272_55,6.0
5275_28,7.0
5280_68,3.0
5301_7,5.0
5307_12,4.0
5312_49,6.5
5315_22,4.0
5316_54,12.0
5335_73,6.5
5337_64,4.0
5339_49,4.5
5340_24,3.0
5343_74,10.5
5345_51,9.0
5346_24,8.0
5347_59,3.5
5349_69,2.5
5350_14,4.0
5351_52,4.0
5352_11,2.5
5353_89,3.0
5354_11,5.0
5355_69,3.0
5356_2,3.0
5357_60,2.5
5358_3,3.5
5359_65,2.5
5360_9,7.5
5363_51,3.5
5364_7,4.5
5383_14,4.0
5384_67,7.0
5392_73,8.0
5400_52,3.5
5404_53,4.0
5410_53,10.0
5412_53,7.5
5424_55,2.0
5430_66,4.5
5437_63,5.0
5440_26,4.5
5441_67,3.0
5443_62,5.5
5451_1,3.5
5452_71,3.0
5456_59,6.0
5457_5,5.0
5459_33,7.0
5460_60,4.5
5462_62,5.5
5463_22,3.5
5464_52,9.0
5465_32,3.5
5467_15,5.5
5468_67,3.5
5475_10,9.5
5476_66,6.0
5478_50,4.5
5480_49,8.0
5481_16,7.5
5483_1,2.5
5484_63,3.5
5486_73,7.0
5487_7,2.5
5488_74,9.5
5489_18,10.0
5490_53,3.5
5491_12,6.0
5493_17,8.0
5494_52,3.5
5496_49,3.0
5508_62,10.5
5509_7,9.5
5526_53,5.0
5532_53,5.5
5534_49,3.5
5542_22,5.5
5581_28,6.5
5583_62,3.0
5584_21,4.0
5586_66,4.0
5587_3,2.5
5590_11,3.0
5593_11,10.0
5594_87,2.5
5596_75,6.5
5598_3,4.5
5599_88,3.5
5601_2,6.0
5602_62,3.5
5604_30,3.5
5605_77,6.0
5606_24,3.5
5609_92,3.5
5610_32,3.5
5611_56,3.5
5612_16,4.5
5613_75,3.0
5614_44,2.5
5615_62,5.5
5617_41,2.5
5618_50,11.0
5620_13,3.5
5621_64,3.0
5623_11,3.0
5624_66,3.0
5626_20,4.5
5627_53,7.5
5628_21,2.5
5629_58,4.0
5630_48,6.0
5631_83,4.5
5632_6,6.0
5633_65,6.0
5634_39,4.0
5635_66,3.5
5636_10,3.0
5637_81,4.0
5638_23,3.5
5639_49,4.5
5643_2,3.0
5644_60,6.0
5646_20,6.0
5648_28,4.0
5649_83,4.5
5650_9,5.5
5651_50,4.5
5653_23,5.5
5654_70,3.0
5656_53,4.0
5657_28,4.0
5658_64,6.5
5659_11,2.5
5660_51,4.0
5661_15,4.0
5663_18,3.5
5664_57,7.0
5666_64,2.5
5667_3,3.0
5668_49,6.0
5669_26,4.5
5671_1,7.0
5675_6,2.5
5676_54,4.0
5677_15,5.0
5679_16,4.0
5680_54,4.5
5682_13,5.5
5687_5,6.5
5688_65,3.0
5689_1,6.5
5690_49,14.0
5691_2,4.5
5692_79,3.5
5693_6,3.0
5694_57,7.5
5695_5,4.5
5698_60,4.0
5699_19,6.0
5701_81,4.0
5703_26,3.0
5704_74,3.5
5707_55,6.0
5708_1,6.5
5713_9,4.5
5714_88,3.5
5715_4,6.0
5716_49,5.0
5717_2,5.5
5719_66,3.0
5721_1,4.0
5722_78,4.0
5723_4,9.0
5724_58,3.0
5725_1,7.0
5726_49,9.5
5727_35,3.0
5728_60,3.5
5729_27,3.5
5730_60,2.5
5731_1,3.0
5733_61,3.5
5734_13,3.0
5735_54,3.0
5736_1,3.5
5737_61,3.5
5738_25,3.0
5739_75,9.5
5740_17,7.5
5741_55,5.0
5742_14,10.0
5743_82,4.0
5744_12,4.0
5745_64,6.0
5746_37,4.5
5747_67,3.0
5748_20,4.5
5749_53,5.0
5751_14,6.0
5752_63,4.0
5753_21,25.0
5754_76,3.0
5755_29,3.0
5756_66,4.5
5757_45,4.0
5758_49,3.5
5759_10,4.0
5762_35,3.5
5763_67,4.0
5764_4,2.5
5765_53,8.5
5792_8,6.0
5798_3,4.0
5801_72,5.0
5803_24,8.5
5807_77,3.0
5810_25,4.5
5813_58,4.0
5822_22,3.0
5825_49,4.0
5834_18,2.5
5837_49,4.0
5843_60,3.5
5846_24,5.5
5852_6,5.0
5854_60,4.0
5858_6,9.0
5861_78,6.5
5864_10,6.0
5867_60,3.0
5870_23,5.0
5879_51,3.5
5882_34,4.5
5885_55,8.5
5888_29,4.5
5897_58,3.5
5900_11,4.0
5903_91,5.0
5909_51,4.0
5915_58,4.5
5918_5,5.0
5927_4,4.5
5930_54,3.0
5934_1,4.5
5936_53,2.5
5939_42,3.5
5947_90,4.0
5954_62,7.0
5957_30,5.0
5960_49,5.0
5963_9,3.5
5970_61,5.0
5980_55,4.0
5981_6,6.0
5982_50,6.0
5988_49,9.5
5992_50,5.0
6003_28,6.0
6019_12,11.5
6020_52,12.0
6022_57,5.5
6024_68,3.5
6027_31,2.5
6035_2,4.5
6036_78,4.0
6037_6,9.5
6039_24,4.0
6042_52,7.0
6048_4,4.0
6049_64,7.0
6054_6,4.0
6055_53,8.0
6060_2,8.5
6064_4,16.0
6069_71,4.0
6070_11,2.5
6075_61,4.0
6077_63,4.5
6079_59,3.5
6081_52,3.5
6086_15,5.0
6102_2,6.0
6103_70,4.0
6104_1,15.0
6107_3,9.5
6113_31,17.0
6115_40,3.5
6117_4,4.5
6119_14,3.0
6121_5,4.0
6123_69,4.5
6151_18,5.5
6168_11,5.0
6172_7,8.0
6207_10,7.0
6209_2,3.5
6210_100,7.0
6213_10,4.5
6214_84,4.0
6217_23,4.5
6219_14,2.5
6221_1,3.5
6223_5,4.0
6225_3,5.0
6226_69,5.0
6227_1,6.0
6228_58,4.5
6229_13,5.0
6230_56,3.0
6231_46,5.0
6232_54,3.0
6234_74,3.5
6236_51,3.5
6237_11,3.5
6238_55,6.5
6240_70,3.5
6245_4,6.0
6247_9,3.0
6248_68,3.5
6252_62,3.0
6255_74,4.0
6256_9,6.5
6257_56,5.0
6259_60,19.5
6260_14,3.5
6262_14,5.0
6263_77,10.5
6264_9,5.0
6267_51,5.0
6273_58,5.0
6274_15,7.0
6276_16,2.5
6277_55,11.0
6280_11,5.0
6281_51,4.5
6283_60,11.5
6284_7,7.5
6285_71,6.0
6289_78,5.5
6290_3,2.5
6291_55,7.5
6294_11,4.5
6295_67,6.5
6296_36,4.0
6300_14,4.0
6304_8,2.5
6315_58,6.0
6321_65,5.5
6324_11,5.0
6326_20,3.5
6334_9,6.0
6340_10,4.0
6342_10,8.5
6350_43,3.0
6351_55,5.0
6352_8,5.0
6353_60,8.0
6354_13,6.0
6356_3,5.5
6357_83,4.5
6359_50,4.0
6360_7,7.0
6361_49,4.5
6362_6,9.5
6363_55,10.0
6364_7,8.0
6365_62,4.0
6366_38,29.0
6367_66,4.5
6368_9,11.5
6369_82,4.5
6371_50,2.5
6372_7,7.0
6373_54,4.0
6374_7,4.5
6375_75,3.5
6377_54,3.5
6378_2,4.0
6379_62,5.0
6380_23,7.5
6382_17,4.5
6383_90,5.5
6384_19,5.0
6385_63,4.0
6386_4,24.0
6387_61,5.5
6388_21,4.0
6389_57,4.5
6390_18,4.0
6391_52,5.0
6392_7,6.5
6393_63,3.0
6395_58,8.0
6398_12,9.5
6399_52,3.0
6400_33,11.0
6401_73,4.0
6402_8,8.0
6404_20,3.0
6405_74,4.5
6406_3,3.5
6407_63,4.0
6408_2,3.5
6409_57,3.5
6410_26,4.5
6411_58,7.0
6412_26,4.0
6413_79,3.5
6414_8,2.0
6415_90,4.0
6416_8,7.5
6417_55,3.5
6419_75,4.0
6420_4,6.5
6421_52,3.5
6423_66,6.5
6424_2,2.5
6425_87,3.0
6430_36,2.5
6431_68,6.0
6433_57,3.5
6434_18,3.0
6439_59,5.0
6440_31,3.0
6441_62,3.0
6442_6,6.5
6443_68,4.5
6444_15,3.0
6447_73,4.0
6448_36,4.0
6450_8,5.5
6451_64,4.0
6453_70,6.5
6454_38,5.5
6455_52,3.0
6456_17,3.5
6457_50,5.5
6458_6,21.0
6461_54,5.0
6462_12,4.0
6463_59,6.0
6464_40,4.0
6466_7,5.5
6467_65,5.0
6468_37,6.0
6469_62,3.5
6470_19,7.0
6471_53,6.0
6472_40,4.5
6473_55,9.0
6478_2,4.5
6480_1,4.0
6485_59,5.5
6491_59,3.5
6493_9,3.0
6494_60,4.5
6495_14,3.5
6496_60,3.5
6497_10,3.0
6502_50,4.5
6504_65,3.5
6506_54,4.5
6507_16,4.5
6508_68,4.0
6510_56,2.5
6511_17,3.0
6512_68,3.5
6517_14,4.0
6518_85,5.5
6520_87,6.0
6521_35,6.5
6522_57,6.0
6525_17,3.5
6526_77,6.0
6527_1,5.0
6528_95,6.0
6530_63,4.0
6531_29,4.5
6533_20,4.5
6536_54,6.5
6538_90,5.0
6543_182,4.0
6544_33,4.0
6545_58,4.5
6546_41,3.0
6547_83,4.0
6549_60,5.5
6550_4,3.0
6551_94,4.5
6553_68,2.5
6555_58,8.5
6556_5,3.5
6557_50,3.5
6558_5,5.0
6561_77,5.5
6563_78,4.0
6565_68,4.0
6568_18,2.5
6570_1,4.0
6571_75,3.0
6572_10,3.0
6574_11,3.5
6575_79,3.0
6576_1,3.5
6577_64,5.5
6578_29,3.0
6580_29,6.0
6581_50,4.0
6583_67,5.5
6584_1,5.5
6586_19,7.5
6587_6,14.0
6590_54,5.5
6593_5,4.5
6594_64,6.5
6597_24,2.5
6599_5,3.0
6600_70,5.5
6603_18,3.5
6604_59,5.5
6605_17,4.5
6606_61,6.0
6609_22,5.0
6611_8,26.0
6612_90,4.0
6617_12,7.5
6620_82,4.5
6621_10,8.0
6622_90,5.5
6624_94,3.5
6625_31,3.5
6626_81,3.5
6627_25,3.5
6629_3,4.0
6631_17,5.5
6633_43,11.5
6641_60,3.0
6645_53,4.0
6647_55,4.5
6649_51,4.5
6651_74,6.5
6653_58,3.5
6706_18,4.5
6713_4,5.0
6715_63,4.5
6895_1,3.5
6896_3,12.0
6897_38,3.5
6899_37,3.5
6900_30,3.0
6904_14,5.5
6907_17,4.0
6909_40,4.0
6911_103,4.0
6912_6,3.5
6913_189,3.5
6914_15,5.5
6915_2,19.5
6917_49,3.5
6918_183,3.5
6919_3,4.0
6920_1,2.0
6921_24,2.5
6923_1,5.0
6925_26,5.5
6927_7,2.5
6929_10,3.0
6930_95,3.5
6931_10,3.5
6932_42,5.0
6933_20,3.0
6934_8,4.0
6935_123,15.0
6936_7,3.0
6937_251,5.0
6938_21,3.5
6940_18,2.5
6941_11,4.0
6947_4,3.0
6948_82,3.0
6951_26,2.5
6955_68,5.5
6957_14,6.0
6961_14,15.5
6962_5,5.5
6963_82,23.0
6965_19,2.5
6966_144,3.0
6967_5,3.5
6969_14,5.5
6973_111,5.0
6974_6,2.5
6975_52,4.0
6984_6,4.5
6986_17,3.0
6990_44,4.0
6991_24,5.5
6992_67,10.5
6993_8,2.5
6994_19,8.0
6997_32,3.5
6998_106,4.0
7002_1,6.0
7003_4,4.0
7006_4,5.0
7007_24,4.0
7008_13,6.0
7009_6,3.5
7009_8,3.0
7011_8,42.0
7012_35,3.5
7014_27,10.0
7015_8,3.5
7016_12,2.5
7018_10,7.5
7019_13,5.0
7020_13,3.5
7034_4,3.0
7038_45,4.5
7045_4,3.0
7046_6,5.0
7048_4,7.0
7049_2,5.0
7050_5,4.5
7054_87,4.0
7056_16,4.0
7057_18,7.0
7059_14,4.5
7060_2,3.5
7064_2,3.5
7065_1,6.0
7066_199,3.0
7069_9,5.0
7070_25,5.0
7071_23,3.5
7073_69,4.0
7076_17,3.5
7077_9,3.5
7081_2,22.0
7082_2,5.0
7083_74,3.0
7084_1,3.0
7085_81,4.5
7089_42,3.5
7090_17,3.0
7092_7,4.0
7096_30,6.5
7097_8,5.5
7099_33,3.0
7100_31,4.5
7104_71,5.0
7105_7,3.5
7106_37,3.0
7108_7,4.0
7110_2,6.0
7113_1,6.5
7115_5,3.0
7116_31,3.5
7117_21,3.5
7118_24,3.5
7121_2,2.5
7122_31,3.5
7123_25,4.0
7124_18,5.0
7125_4,3.5
7127_3,4.5
7128_9,6.0
7130_4,4.0
7131_207,2.5
7131_8,3.5
7132_55,3.5
7134_14,4.0
7136_107,4.0
7136_7,5.0
7137_8,2.5
7139_14,4.5
7140_1,4.0
7141_21,5.5
7142_5,7.5
7143_9,4.0
7144_234,4.5
7145_1,5.0
7146_16,2.5
7146_5,3.5
7147_35,5.0
7148_42,3.0
7152_5,4.0
7153_66,2.5
7154_92,10.0
7155_46,11.0
7156_2,4.5
7157_22,4.0
7161_25,5.5
7163_26,27.0
7167_102,8.5
7173_141,5.0
7174_15,5.0
7175_4,3.5
7178_59,3.5
7179_69,3.5
7180_114,3.5
7181_17,3.0
7182_1,3.0
7183_102,3.5
7184_13,4.0
7185_29,4.5
7186_111,4.0
7187_3,4.5
7189_55,3.0
7190_50,5.0
7191_32,24.0
7192_37,3.5
7193_98,3.0
7194_36,5.0
7195_119,2.5
7196_21,3.0
7197_2,3.5
7198_197,3.0
7199_3,3.5
7200_4,3.0
7201_5,3.0
7202_107,3.5
7203_125,2.0
7204_1,4.0
7206_20,4.5
7207_4,3.0
7208_60,3.0
7210_25,3.5
7211_2,6.5
7215_18,3.5
7218_87,4.5
7219_152,4.5
7221_56,3.5
7223_60,2.5
7224_11,2.5
7225_51,6.5
7227_75,5.5
7228_2,4.5
7231_37,3.5
7233_73,3.0
7234_12,7.5
7239_9,6.5
7240_2,3.5
7241_12,18.5
7242_14,11.0
7243_8,3.0
7244_16,5.0
7245_2,5.0
7246_4,3.0
7247_1,5.5
7249_307,3.5
7249_37,24.0
7251_64,3.0
7253_6,4.5
7257_18,3.0
7258_5,3.0
7262_191,3.5
7265_32,3.5
7266_4,4.5
7267_2,5.0
7268_12,5.5
7551_33,4.0
7624_19,3.0
7625_27,3.5
7628_40,3.0
7638_30,4.5
7648_9,3.5
7655_11,4.0
7660_21,7.5
7680_205,2.5
7691_11,4.0
7693_13,2.5
7695_106,4.5
7696_3,5.0
7713_102,4.5
7713_50,4.5
7717_95,3.5
7721_81,12.5
7732_45,3.0
7735_17,8.5
7736_28,3.0
7737_76,4.0
7738_299,5.5
7740_33,4.0
7741_111,3.5
7742_11,5.0
7743_5,6.0
7744_10,4.0
7745_3,6.0
7746_230,3.5
7747_47,5.5
7748_11,3.0
7751_121,5.5
7752_31,7.5
7753_21,2.5
7754_11,5.0
7755_37,4.5
7756_37,3.5
7757_5,3.5
7758_217,3.5
7761_125,4.0
7762_30,65.0
7763_25,7.5
7765_15,6.5
7766_25,3.5
7767_1,9.0
7768_10,4.0
7769_29,5.0
7770_25,5.5
7773_20,8.0
7775_15,2.5
7776_20,6.5
7778_104,2.5
7779_86,4.0
7780_34,3.5
7782_34,8.0
7784_1,6.5
7785_1,4.5
7786_83,4.0
7787_25,3.0
7788_1,7.5
7789_182,5.0
7790_21,5.0
7792_58,4.0
7795_14,3.5
7796_10,3.5
7797_11,9.0
7799_3,3.0
7800_85,4.0
7801_30,3.0
7802_53,3.0
7803_4,1.5
7805_52,4.5
7806_33,6.0
7808_5,2.5
7809_22,3.5
7810_20,5.0
7812_11,6.0
7813_6,4.5
7815_49,3.0
7816_23,3.0
7817_36,4.0
7818_101,11.5
7821_6,4.0
7822_11,3.0
7823_22,16.0
7824_88,4.5
7825_7,5.5
7826_1,3.5
7827_20,4.5
7831_39,5.0
7832_181,3.5
7835_2,4.5
7838_27,2.5
7839_99,4.0
7840_64,5.0
7841_84,4.0
7842_52,3.5
7843_152,4.0
7846_44,6.5
7847_66,4.5
7849_3,5.5
7850_1,9.0
7851_30,3.5
7852_9,9.5
7853_19,2.5
7854_38,4.0
7856_51,3.0
7857_22,4.5
7859_21,13.0
7860_9,3.5
7861_9,4.5
7863_50,5.5
7864_3,5.5
7865_126,3.5
7866_11,3.0
7867_154,11.5
7870_8,6.0
7871_16,8.5
7872_5,11.0
7873_32,4.0
7875_86,10.0
7878_2,2.5
7879_12,6.5
7880_9,9.0
7881_244,7.0
7882_31,7.0
7884_15,65.0
7885_17,13.5
7886_26,4.0
7887_57,3.0
7888_58,7.0
7890_68,3.5
7891_45,4.5
7892_132,3.0
7893_19,4.0
7894_155,3.5
7895_108,3.0
7897_75,3.5
7898_29,3.0
7903_18,3.0
7905_30,8.0
7909_37,10.0
7910_41,6.0
7911_29,17.5
7915_31,4.0
7916_10,5.5
7917_17,3.0
7918_114,2.5
7919_278,7.5
7920_30,4.5
7921_65,5.0
7922_5,3.0
7923_41,4.5
7924_7,4.5
7925_18,3.5
7926_13,3.0
7927_16,4.0
7928_183,6.5
7930_3,3.0
7932_23,3.0
7933_75,4.5
7934_11,7.0
7935_26,5.0
7939_1,5.0
7943_16,12.5
7944_1,3.0
7945_10,4.0
7947_19,4.0
7948_129,5.0
7950_142,2.5
7951_146,3.5
7952_2,4.0
7953_20,3.0
7955_195,4.5
7956_11,4.0
7957_2,5.5
7958_15,3.5
7959_34,5.5
7960_53,3.0
7962_11,5.0
7963_36,5.0
7965_25,3.0
7967_38,6.5
7968_15,5.0
7969_163,4.0
7970_315,3.0
7975_97,3.5
7976_19,4.0
7980_72,4.5
7981_230,2.5
7982_10,5.0
7983_1,2.5
7986_98,7.5
7989_5,5.0
7991_54,9.0
7992_3,3.5
7993_23,2.5
7994_41,6.0
7995_16,2.5
7997_118,3.5
7999_23,4.5
8000_17,3.0
8002_27,4.5
8003_57,3.5
8004_15,3.5
8005_1,5.0
8006_12,7.0
8007_19,4.0
8008_28,3.5
8009_121,7.0
8011_96,4.5
8013_9,5.0
8014_359,5.0
8015_144,2.0
8016_19,5.0
8017_23,16.5
8018_43,5.0
8019_73,4.0
8021_59,5.5
8023_23,5.0
8024_64,3.0
8028_22,3.5
8029_35,6.0
8031_11,3.0
8032_23,4.5
8033_1,3.0
8034_6,3.0
8035_6,3.0
8036_75,3.5
8037_53,6.0
8038_41,4.0
8039_41,4.0
8040_9,2.5
8041_5,6.0
8042_88,4.0
8043_153,6.5
8044_90,6.5
8045_3,3.0
8046_9,5.5
8048_9,9.5
8051_10,5.5
8052_115,3.5
8053_16,3.5
8055_33,3.0
8057_78,3.5
8059_1,3.0
8060_7,4.0
8061_102,3.5
8062_15,3.0
8064_125,3.5
8065_245,4.0
8066_38,2.0
8067_21,6.5
8068_43,4.0
8069_85,11.5
8070_88,5.5
8071_114,20.0
8072_19,5.5
8073_3,4.5
8074_32,4.0
8076_4,7.0
8078_15,4.0
8079_39,3.5
8080_24,3.5
8081_55,3.5
8085_10,5.0
8086_49,6.0
8087_250,6.0
8088_56,3.5
8089_173,2.0
8091_16,6.0
8092_29,4.5
8093_13,3.0
8094_20,3.0
8095_213,7.5
8097_77,4.5
8098_37,4.5
8099_42,10.5
8100_15,5.0
8102_239,2.0
8104_21,3.0
8106_15,5.0
8107_12,3.5
8219_14,7.0
8220_15,4.0
8221_19,5.0
8222_49,4.0
8225_86,3.0
8228_10,4.0
8229_1,3.0
8231_122,4.5
8232_90,3.0
8233_2,4.5
8235_48,4.0
8236_8,2.5
8237_56,3.5
8239_223,7.0
8240_207,2.5
8242_9,3.0
8243_55,4.0
8244_16,3.0
8245_27,5.5
8246_9,5.0
8248_222,13.0
8249_124,2.0
8250_2,3.0
8252_2,3.5
8253_2,3.0
8255_34,9.5
8257_71,2.5
8258_22,4.0
8259_25,4.5
8260_13,11.0
8261_51,3.0
8262_20,3.5
8263_64,7.5
8264_43,3.0
8265_225,5.5
8268_98,4.0
8269_327,2.5
8271_24,2.5
8272_22,2.5
8273_84,2.5
8274_64,5.5
8275_31,3.5
8280_238,6.0
8282_15,3.5
8285_64,3.0
8286_44,3.5
8287_17,4.5
8288_27,13.5
8289_8,6.0
8290_1,2.5
8295_16,7.0
8296_117,4.5
8297_8,5.0
8298_8,5.5
8299_66,3.5
8300_82,6.0
8303_102,5.5
8304_50,5.0
8305_18,3.0
8306_54,6.0
8307_47,5.0
8309_12,6.0
8310_6,8.5
8312_139,3.5
8314_71,3.5
8315_5,5.5
8316_36,3.0
8318_13,3.5
8320_5,4.0
8321_27,5.0
8323_163,3.0
8325_37,3.5
8326_63,3.0
8327_26,3.5
8328_9,3.0
8329_166,3.5
8330_1,6.5
8334_65,5.0
8336_267,2.5
8337_65,3.5
8340_9,4.5
8343_224,3.5
8345_27,4.5
8346_9,3.5
8347_222,6.0
8348_4,5.5
8351_17,4.5
8352_26,3.0
8353_15,3.0
8355_80,4.0
8356_88,4.0
8357_43,3.5
8358_30,7.0
8359_149,3.0
8360_169,5.0
8363_18,3.0
8364_74,4.5
8366_19,4.0
8367_142,3.5
8368_102,3.5
8369_102,4.0
8372_29,2.5
8374_5,8.5
8376_25,3.5
8377_87,3.5
8378_3,2.5
8380_244,3.5
8381_18,2.0
8382_47,7.5
8383_20,4.0
8385_248,7.5
8386_11,4.5
8388_24,2.5
8389_8,7.5
8390_25,3.0
8391_12,3.0
8393_121,4.5
8394_56,2.5
8396_42,2.5
8397_147,3.0
8398_277,4.0
8399_6,5.5
8400_74,2.5
8402_22,50.0
8403_18,5.0
8404_102,5.5
8405_108,5.5
8406_17,6.0
8407_84,4.5
8409_3,2.5
8418_30,7.0
8424_269,14.0
8427_118,3.5
8428_102,5.5
8429_16,4.0
8443_9,3.5
8444_3,4.5
8444_46,5.5
8445_184,15.5
8445_54,4.0
8446_4,7.5
8447_11,3.0
8449_103,6.0
8449_124,9.5
8450_36,4.5
8458_111,11.5
8458_16,7.5
8459_10,5.5
8462_18,6.0
8463_2,5.5
8464_31,4.0
8465_52,7.0
8467_9,4.5
8468_19,5.5
8469_41,5.0
8470_213,5.5
8471_53,11.0
8474_6,7.5
8475_15,5.0
8476_11,8.5
8479_4,3.5
8480_29,5.5
8481_26,4.0
8481_44,9.5
8482_39,4.0
8483_5,6.0
8484_24,7.0
8485_7,2.5
8488_33,4.0
8518_55,3.0
8520_8,5.0
8528_74,6.0
8529_1,4.5
8535_102,2.5
8545_14,2.5
8556_5,2.5
8565_160,4.0
8569_147,2.5
8578_45,2.5
8587_21,3.5
8589_13,8.0
8595_75,3.5
8597_1,3.5
8601_167,4.0
8606_39,3.5
8613_97,5.0
8619_12,3.0
8620_56,6.0
8624_16,3.5
8631_13,4.5
8633_18,5.0
8634_187,12.0
8635_283,6.0
8644_46,7.5
8645_257,9.0
8646_61,6.0
8653_132,15.5
8654_13,3.5
8659_68,2.0
8660_33,4.0
8660_5,2.5
8664_36,9.0
8667_42,6.5
8671_378,4.0
8675_79,4.0
8681_93,11.0
8686_342,4.5
8687_26,3.5
8690_25,4.0
8696_15,11.0
8697_38,3.0
8699_43,6.0
8700_325,4.5
8702_42,4.0
8748_45,3.0
8749_194,3.5
8750_46,4.5
8752_6,3.5
8754_5,4.5
8755_202,4.0
8756_41,4.0
8758_2,4.5
8759_29,4.0
8760_10,3.5
8761_7,5.5
8762_38,3.5
8766_29,4.5
8767_44,8.5
8768_4,3.0
8769_30,3.0
8770_136,4.0
8772_5,3.5
8773_172,6.0
8775_61,3.0
8776_10,5.5
8777_5,2.5
8778_3,4.0
8780_2,5.0
8783_216,4.0
8784_7,3.0
8785_1,4.0
8786_6,4.5
8787_21,2.5
8790_6,4.0
8791_151,4.0
8792_17,5.5
8793_13,2.0
8794_13,5.0
8795_48,4.0
8800_14,5.5
8802_24,4.0
8803_61,3.0
8804_39,4.5
8806_18,4.0
8807_13,3.0
8808_90,3.0
8810_26,7.5
8811_24,3.0
8813_160,2.5
8814_33,4.5
8815_1,3.0
8817_29,3.5
8818_13,5.5
8819_3,4.5
8820_2,3.0
8822_163,7.5
8824_2,3.0
8825_4,4.5
8828_21,3.0
8830_29,5.5
8832_55,3.0
8833_20,4.0
8834_58,3.0
8837_8,3.5
8838_10,4.0
8839_4,3.0
8840_61,4.5
8841_65,3.5
8842_16,3.0
8843_34,9.0
8845_2,3.5
8850_5,3.0
8851_42,4.0
8852_10,4.0
8853_2,4.5
8854_59,3.5
8858_21,3.0
8859_51,11.5
8863_3,4.0
8864_59,5.0
8866_53,5.0
8867_18,2.5
8868_4,9.5
8869_5,3.5
8870_38,4.5
8871_14,4.5
8872_1,6.5
8874_53,2.0
8876_51,7.0
8877_22,5.0
8878_48,4.5
8882_1,5.0
8885_6,4.5
8887_21,4.0
8888_33,4.5
8889_5,4.0
8890_9,2.5
8891_7,3.0
8892_14,5.0
8893_29,4.0
8894_80,4.0
8897_3,2.5
8898_19,5.5
8899_75,3.0
8900_28,2.5
8901_40,7.5
8903_1,7.0
8905_20,5.5
8906_60,3.0
8907_11,3.5
8908_14,5.5
8909_77,4.5
8913_22,3.0
8916_32,6.5
8918_64,6.0
8921_139,4.0
8922_4,4.5
8923_94,5.5
8924_55,4.0
8925_25,3.5
8927_6,4.0
8929_7,4.0
8931_124,3.0
8932_1,3.0
8933_84,3.5
8935_22,4.5
8941_4,4.0
8942_2,7.5
8944_42,5.5
8945_7,3.0
8946_38,5.5
8947_268,3.0
8948_13,3.0
8949_3,12.5
8950_4,3.0
8951_162,4.5
8952_65,2.5
8953_47,4.5
8954_30,12.5
8955_60,2.0
8956_96,4.0
8957_72,3.5
8958_51,4.5
8959_61,4.0
8960_3,5.0
8962_48,12.0
8963_8,6.5
8964_14,4.5
8967_6,11.0
8969_49,5.0
8970_9,4.0
8971_9,5.0
8973_23,4.0
8974_172,4.0
8975_26,8.0
8976_13,3.5
8978_30,3.5
8979_1,3.0
8980_19,5.5
8982_65,2.5
8983_7,3.0
8984_28,3.0
8985_13,6.5
8986_2,3.5
8989_40,7.0
8990_42,34.0
8991_115,4.5
8992_1,4.0
8993_151,5.0
8994_65,5.0
8997_4,4.5
8998_15,4.0
8999_19,2.5
9000_177,5.0
9002_36,3.5
9003_99,6.5
9004_24,5.0
9005_16,6.0
9008_6,5.0
9010_3,2.5
9012_1,10.0
9013_60,3.0
9014_18,3.0
9015_1,5.0
9016_12,5.0
9017_58,4.5
9018_38,5.0
9021_1,4.0
9022_49,13.5
9023_9,3.5
9025_5,18.5
9026_40,3.5
9027_10,3.5
9028_5,4.0
9030_56,3.5
9032_30,13.0
9035_2,4.0
9037_1,3.0
9038_12,2.5
9039_47,9.0
9040_144,4.0
9043_7,16.5
9044_1,4.5
9045_3,7.0
9046_46,5.5
9049_2,4.0
9050_170,3.0
9051_13,2.5
9053_16,4.0
9054_8,4.0
9055_81,3.5
9057_19,4.0
9058_1,5.5
9059_14,11.5
9060_27,6.5
9061_3,4.0
9063_9,6.0
9064_12,5.5
9065_28,3.5
9067_152,3.5
9068_17,3.5
9070_1,2.5
9073_35,5.5
9074_6,4.5
9075_121,3.5
9076_25,6.0
9077_10,3.0
9078_207,5.0
9080_1,14.5
9081_39,16.0
9082_25,8.0
9083_35,3.5
9086_95,4.0
9087_8,4.0
9088_20,4.5
9089_77,3.5
9090_9,12.0
9092_33,3.5
9094_5,4.5
9095_5,4.0
9096_80,4.0
9097_5,4.5
9099_19,2.0
9100_32,5.0
9102_28,4.0
9106_87,3.5
9107_59,5.0
9108_48,3.5
9110_2,3.5
9111_40,2.5
9114_84,3.5
9115_78,4.0
9116_28,4.5
9117_4,3.5
9118_7,7.0
9121_28,2.5
9122_8,3.0
9123_18,2.5
9125_23,4.0
9126_171,5.5
9127_4,3.5
9128_34,5.5
9168_31,6.5
9169_14,5.0
9170_24,3.0
9171_11,4.5
9172_69,3.0
9173_21,3.0
9175_48,3.0
9176_3,5.5
9177_6,6.5
9178_30,4.0
9180_6,3.0
9182_3,3.0
9183_7,5.5
9185_15,5.0
9187_2,4.5
9188_119,4.0
9190_7,2.5
9191_8,4.5
9196_8,3.0
9197_4,5.0
9199_6,3.5
9201_13,3.5
9202_309,10.5
9204_33,5.5
9207_60,5.5
9211_19,5.5
9212_22,2.5
9213_24,28.0
9215_117,4.0
9216_100,3.0
9218_7,4.0
9219_70,3.5
9220_7,3.0
9221_6,3.0
9223_11,4.5
9224_20,2.5
9226_6,3.5
9227_15,3.0
9229_9,15.5
9231_23,6.0
9232_1,3.5
9233_71,6.5
9234_8,2.5
9235_3,6.0
9237_54,17.5
9241_40,5.0
9242_11,5.5
9243_10,3.0
9244_27,3.0
9245_1,2.0
9246_1,5.0
9248_36,3.0
9249_17,3.0
9250_87,4.0
9251_28,3.5
9253_52,5.5
9254_18,34.0
9255_5,3.0
9256_78,3.5
9257_14,5.5
9258_14,4.0
9259_35,4.5
9261_14,4.0
9263_57,3.5
9264_11,6.0
9265_10,2.5
9266_1,6.5
9267_2,6.0
9269_7,3.5
9271_101,11.0
9275_2,12.0
9276_7,3.5
9277_16,6.0
9278_9,5.5
9279_7,11.5
9281_50,3.0
9282_12,3.0
9283_8,3.0
9284_25,4.0
9287_6,3.0
9288_7,5.5
9290_8,3.5
9294_45,4.0
9296_15,5.5
9297_12,4.0
9300_13,4.0
9302_90,3.0
9303_9,4.0
9305_89,3.0
9306_7,3.5
9310_2,12.5
9312_8,6.0
9313_27,3.5
9314_9,11.0
9315_16,5.5
9316_67,8.5
9317_4,15.5
9319_59,4.0
9321_400,3.0
9322_15,60.0
9326_33,7.5
9327_3,2.0
9328_55,23.0
9329_28,6.0
9332_6,3.5
9333_59,3.0
9335_28,4.0
9337_43,5.0
9338_2,3.0
9339_204,5.0
9340_17,4.5
9341_1,3.0
9343_16,4.5
9345_436,4.0
9347_13,4.0
9348_1,9.0
9350_3,3.0
9352_86,6.5
9353_8,3.5
9355_26,2.5
9357_4,4.5
9358_3,4.5
9359_9,5.0
9360_33,5.0
9361_7,5.0
9362_11,3.5
9363_11,4.0
9365_91,4.0
9366_54,2.5
9368_64,3.0
9369_174,3.5
9370_69,4.0
9372_157,10.5
9373_405,3.0
9374_24,55.0
9377_25,4.5
9378_6,6.0
9379_248,6.0
9380_2,4.0
9383_24,4.0
9384_17,5.0
9385_4,6.5
9386_42,2.5
9387_13,4.0
9388_18,4.5
9389_12,5.5
9391_60,4.0
9392_43,8.0
9394_19,5.5
9398_30,5.0
9400_40,5.0
9401_57,6.0
9402_18,2.5
9409_11,6.0
9412_52,4.0
9416_77,4.0
9426_73,4.0
9436_2,4.0
9439_454,7.0
9443_137,4.0
9444_70,4.5
9445_44,3.0
9449_150,7.0
9450_18,3.5
9451_20,5.0
9453_12,3.0
9456_34,3.0
9457_3,6.0
9459_7,4.5
9461_2,3.0
9463_26,3.5
9467_24,3.0
9468_8,5.0
9470_15,3.0
9474_22,3.0
9475_22,7.5
9478_69,5.0
9482_110,3.0
9484_75,4.0
9486_13,2.5
9487_60,6.5
9490_3,6.5
9491_13,6.0
9492_5,3.0
9493_56,3.0
9495_10,7.0
9497_3,3.0
9500_5,4.0
9503_1,4.5
9504_19,3.5
9506_10,2.5
9507_55,42.0
9508_104,5.5
9509_4,4.5
9511_61,8.5
9512_24,8.0
9513_9,3.0
9514_46,5.0
9518_95,3.5
9522_3,4.0
9523_34,3.5
9524_46,2.5
9525_1,6.0
9526_3,3.5
9530_6,6.0
9531_24,3.5
9532_5,5.0
9535_14,7.0
9536_16,14.0
9539_25,3.5
9541_15,3.5
9543_131,3.0
9544_24,3.0
9545_156,9.0
9547_29,9.0
9550_153,4.0
9557_5,4.0
9561_21,4.0
9565_6,5.0
9566_103,6.0
9568_289,4.0
9569_14,4.0
9573_108,3.5
9574_11,3.0
9576_58,3.0
9577_26,4.5
9578_263,3.0
9579_59,4.5
9580_5,5.5
9581_4,9.5
9582_93,3.5
9583_17,3.0
9584_105,7.5
9585_80,2.5
9590_10,5.0
9594_30,4.0
9595_11,4.0
9598_23,3.5
9599_6,5.0
9600_55,3.5
9603_9,2.5
9604_14,6.5
9606_4,4.0
9607_39,10.0
9609_25,3.0
9613_16,3.5
9627_15,19.0
9638_2,4.0
9713_67,7.0
9715_15,5.0
9719_145,2.0
9723_105,8.5
9725_46,4.5
9728_4,3.5
9730_22,9.5
9735_44,4.5
9738_7,9.0
9739_4,2.5
9742_59,4.5
9744_139,6.0
9745_20,11.0
9747_48,5.5
9748_31,2.5
9749_190,3.0
9750_7,6.0
9751_72,5.5
9753_17,3.0
9754_33,4.5
9755_19,24.0
9756_6,4.0
9757_29,6.5
9758_17,5.0
9759_13,4.5
9760_13,4.0
9761_89,22.0
9762_14,10.0
9764_79,7.5
9765_4,3.5
9767_22,4.0
9768_5,6.0
9769_48,4.0
9772_153,4.0
9773_15,13.0
9774_59,4.5
9778_45,5.0
9779_63,5.5
9783_75,5.0
9786_310,8.0
9787_23,4.5
9789_52,4.0
9790_28,4.5
9793_145,4.5
9794_17,3.5
9795_9,3.0
9796_4,3.5
9799_3,15.5
9800_20,4.0
9802_27,3.0
9804_11,4.5
9805_51,3.5
9808_41,3.5
9815_5,4.5
9816_37,5.0
9819_110,10.0
9823_2,3.5
9826_135,6.0
9828_86,3.5
9829_91,5.5
9830_109,3.5
9831_12,7.0
9832_33,5.5
9834_62,2.5
9835_16,4.0
9836_20,4.0
9837_60,4.5
9838_4,4.0
9839_148,4.0
9840_2,5.0
9841_197,3.0
9842_2,2.5
9843_5,6.0
9844_138,5.5
9845_33,5.0
9846_32,5.5
9847_21,5.0
9848_22,2.5
9849_13,6.0
9850_38,3.0
9851_9,12.5
9853_3,4.5
9854_36,6.0
9855_10,4.0
9856_22,75.0
9857_38,3.5
9859_180,3.0
9863_1,6.5
9864_38,7.5
9865_40,4.5
9867_23,6.5
9869_28,5.0
9870_17,6.0
9872_23,3.0
9873_17,2.0
9874_28,4.5
9875_107,3.0
9876_20,3.0
9877_28,3.5
9878_3,3.0
9880_33,7.5
9883_29,5.5
9884_8,4.0
9885_41,3.0
9886_28,4.5
9887_40,4.5
9889_42,4.5
9890_8,4.0
9893_27,5.5
9894_13,7.0
9895_77,3.5
9896_21,28.0
9897_9,2.5
9898_161,9.5
9899_28,3.0
9900_36,10.5
9901_28,4.0
9905_8,2.5
9906_21,3.0
9907_216,3.5
9909_4,10.5
9910_9,3.5
9913_4,2.5
9916_146,55.0
9917_16,4.0
9918_23,5.0
9923_6,6.5
9925_56,4.0
9926_4,3.5
9927_96,4.5
9928_125,4.0
9929_16,5.5
9930_48,7.5
9931_20,5.0
9932_49,4.0
9933_49,3.5
9934_29,4.5
9936_27,11.0
9937_7,3.5
9940_35,11.0
9941_70,4.5
9942_2,4.0
9945_8,5.5
9947_22,3.0
9950_229,3.5
9951_36,3.5
9952_57,6.5
9954_2,8.0
9955_40,2.5
9956_7,3.0
9957_9,4.5
9959_60,4.0
9960_2,12.0
9962_1,6.0
9963_19,3.0
9964_10,3.5
9969_8,8.0
9970_7,7.5
9971_5,3.5
9974_8,9.0
9979_13,4.5
9981_18,2.0
9983_97,7.0
9984_12,4.0
9986_14,5.0
9987_30,6.5
9989_12,5.5
9991_112,5.5
9993_11,4.0
9994_217,2.5
9995_6,4.5
9997_12,7.5
9999_1,5.0
